Journal title,List,Source checked
Academy of Management Journal,UTD24,2026/7/26
Academy of Management Review,UTD24,2026/7/26
Administrative Science Quarterly,UTD24,2026/7/26
Information Systems Research,UTD24,2026/7/26
Journal of Accounting and Economics,UTD24,2026/7/26
Journal of Accounting Research,UTD24,2026/7/26
Journal of Consumer Research,UTD24,2026/7/26
Journal of Finance,UTD24,2026/7/26
Journal of Financial Economics,UTD24,2026/7/26
Journal of International Business Studies,UTD24,2026/7/26
Journal of Marketing,UTD24,2026/7/26
Journal of Marketing Research,UTD24,2026/7/26
Journal of Operations Management,UTD24,2026/7/26
Journal on Computing,UTD24,2026/7/26
M&SOM-MANUFACTURING & SERVICE OPERATIONS MANAGEMENT,UTD24,2026/7/26
Management Science,UTD24,2026/7/26
Marketing Science,UTD24,2026/7/26
MIS Quarterly,UTD24,2026/7/26
Operations Research,UTD24,2026/7/26
Organization Science,UTD24,2026/7/26
PRODUCTION AND OPERATIONS MANAGEMENT,UTD24,2026/7/26
Strategic Management Journal,UTD24,2026/7/26
The Accounting Review,UTD24,2026/7/26
The Review of Financial Studies,UTD24,2026/7/26