JournalTitle,Discipline,List,Edition,Rank
阿拉伯世界研究,政治学,CSSCI Extended,2025-2026,1
北方法学,法学,CSSCI Extended,2025-2026,2
北京第二外国语学院学报,语言学,CSSCI Extended,2025-2026,3
北京航空航天大学学报(社会科学版),高校学报,CSSCI Extended,2025-2026,4
北京交通大学学报(社会科学版),高校学报,CSSCI Extended,2025-2026,5
北京理工大学学报(社会科学版),高校学报,CSSCI Extended,2025-2026,6
北京社会科学,综合性社会科学,CSSCI Extended,2025-2026,7
比较教育学报,教育学,CSSCI Extended,2025-2026,8
边界与海洋研究,政治学,CSSCI Extended,2025-2026,9
财务研究,管理学,CSSCI Extended,2025-2026,10
财政科学,经济学,CSSCI Extended,2025-2026,11
产经评论,经济学,CSSCI Extended,2025-2026,12
产业经济评论,经济学,CSSCI Extended,2025-2026,13
重庆高教研究,教育学,CSSCI Extended,2025-2026,14
出版广角,新闻学与传播学,CSSCI Extended,2025-2026,15
出版与印刷,新闻学与传播学,CSSCI Extended,2025-2026,16
传媒,新闻学与传播学,CSSCI Extended,2025-2026,17
辞书研究,语言学,CSSCI Extended,2025-2026,18
大学与学科,教育学,CSSCI Extended,2025-2026,19
当代电视,艺术学,CSSCI Extended,2025-2026,20
当代会计评论,管理学,CSSCI Extended,2025-2026,21
当代青年研究,社会学,CSSCI Extended,2025-2026,22
当代舞蹈艺术研究,艺术学,CSSCI Extended,2025-2026,23
当代中国与世界,政治学,CSSCI Extended,2025-2026,24
党内法规研究,法学,CSSCI Extended,2025-2026,25
地方财政研究,经济学,CSSCI Extended,2025-2026,26
地方立法研究,法学,CSSCI Extended,2025-2026,27
地方治理研究,管理学,CSSCI Extended,2025-2026,28
电影新作,艺术学,CSSCI Extended,2025-2026,29
调研世界,统计学,CSSCI Extended,2025-2026,30
东方学刊,综合性社会科学,CSSCI Extended,2025-2026,31
东疆学刊,民族学与文化学,CSSCI Extended,2025-2026,32
对外传播,新闻学与传播学,CSSCI Extended,2025-2026,33
俄罗斯东欧中亚研究,政治学,CSSCI Extended,2025-2026,34
俄罗斯文艺,外国文学,CSSCI Extended,2025-2026,35
俄罗斯研究,政治学,CSSCI Extended,2025-2026,36
佛学研究,宗教学,CSSCI Extended,2025-2026,37
甘肃政法大学学报,法学,CSSCI Extended,2025-2026,38
干旱区资源与环境,自然资源与环境科学,CSSCI Extended,2025-2026,39
高教探索,教育学,CSSCI Extended,2025-2026,40
工业工程设计,艺术学,CSSCI Extended,2025-2026,41
工业技术经济,经济学,CSSCI Extended,2025-2026,42
公安学研究,政治学,CSSCI Extended,2025-2026,43
管理案例研究与评论,管理学,CSSCI Extended,2025-2026,44
管理现代化,管理学,CSSCI Extended,2025-2026,45
广东外语外贸大学学报,外国文学,CSSCI Extended,2025-2026,46
广西民族大学学报(哲学社会科学版),民族学与文化学,CSSCI Extended,2025-2026,47
广西社会科学,综合性社会科学,CSSCI Extended,2025-2026,48
广西师范大学学报(哲学社会科学版),高校学报,CSSCI Extended,2025-2026,49
规划师,人文经济地理,CSSCI Extended,2025-2026,50
贵州大学学报(社会科学版),高校学报,CSSCI Extended,2025-2026,51
贵州师范大学学报(社会科学版),高校学报,CSSCI Extended,2025-2026,52
国际城市规划,人文经济地理,CSSCI Extended,2025-2026,53
国际法研究,法学,CSSCI Extended,2025-2026,54
国际汉语教学研究,教育学,CSSCI Extended,2025-2026,55
国际儒学(中英文),中华传统文化,CSSCI Extended,2025-2026,56
国际商务研究,经济学,CSSCI Extended,2025-2026,57
国际中文教育(中英文),教育学,CSSCI Extended,2025-2026,58
国际中文教育学报(International Journal of Chinese Language Education),教育学,CSSCI Extended,2025-2026,59
国家安全研究,政治学,CSSCI Extended,2025-2026,60
国家现代化建设研究,政治学,CSSCI Extended,2025-2026,61
国家治理,综合性社会科学,CSSCI Extended,2025-2026,62
哈尔滨工业大学学报(社会科学版),高校学报,CSSCI Extended,2025-2026,63
哈尔滨商业大学学报(社会科学版),经济学,CSSCI Extended,2025-2026,64
海交史研究,中华传统文化,CSSCI Extended,2025-2026,65
海南师范大学学报(社会科学版),中国文学,CSSCI Extended,2025-2026,66
汉语言文字学研究,中国文学,CSSCI Extended,2025-2026,67
杭州师范大学学报(社会科学版),高校学报,CSSCI Extended,2025-2026,68
河北大学学报(哲学社会科学版),高校学报,CSSCI Extended,2025-2026,69
河北法学,法学,CSSCI Extended,2025-2026,70
河北经贸大学学报,经济学,CSSCI Extended,2025-2026,71
河北师范大学学报(教育科学版),教育学,CSSCI Extended,2025-2026,72
河南社会科学,综合性社会科学,CSSCI Extended,2025-2026,73
黑龙江高教研究,教育学,CSSCI Extended,2025-2026,74
黑龙江民族丛刊,民族学与文化学,CSSCI Extended,2025-2026,75
红楼梦学刊,中国文学,CSSCI Extended,2025-2026,76
宏观经济管理,管理学,CSSCI Extended,2025-2026,77
湖北社会科学,综合性社会科学,CSSCI Extended,2025-2026,78
湖南农业大学学报(社会科学版),高校学报,CSSCI Extended,2025-2026,79
湖南社会科学,综合性社会科学,CSSCI Extended,2025-2026,80
湖湘论坛,政治学,CSSCI Extended,2025-2026,81
华东理工大学学报(社会科学版),高校学报,CSSCI Extended,2025-2026,82
华文季刊(Journal of Chinese Language Education),教育学,CSSCI Extended,2025-2026,83
华夏考古,考古学,CSSCI Extended,2025-2026,84
环境保护,自然资源与环境科学,CSSCI Extended,2025-2026,85
环境经济研究,经济学,CSSCI Extended,2025-2026,86
黄钟(武汉音乐学院学报),艺术学,CSSCI Extended,2025-2026,87
计量经济学报,经济学,CSSCI Extended,2025-2026,88
技术经济,经济学,CSSCI Extended,2025-2026,89
江南大学学报(人文社会科学版),高校学报,CSSCI Extended,2025-2026,90
江苏大学学报(社会科学版),高校学报,CSSCI Extended,2025-2026,91
江西财经大学学报,经济学,CSSCI Extended,2025-2026,92
交大法学,法学,CSSCI Extended,2025-2026,93
教育经济评论,教育学,CSSCI Extended,2025-2026,94
教育科学研究,教育学,CSSCI Extended,2025-2026,95
教育史研究,教育学,CSSCI Extended,2025-2026,96
教育学术月刊,教育学,CSSCI Extended,2025-2026,97
金融监管研究,经济学,CSSCI Extended,2025-2026,98
经济思想史学刊,经济学,CSSCI Extended,2025-2026,99
经济与管理,经济学,CSSCI Extended,2025-2026,100
经贸法律评论,法学,CSSCI Extended,2025-2026,101
荆楚法学,法学,CSSCI Extended,2025-2026,102
竞争政策研究,法学,CSSCI Extended,2025-2026,103
军事历史研究,历史学,CSSCI Extended,2025-2026,104
科技管理研究,管理学,CSSCI Extended,2025-2026,105
科技情报研究,信息资源管理,CSSCI Extended,2025-2026,106
科技与法律(中英文),法学,CSSCI Extended,2025-2026,107
科学管理研究,管理学,CSSCI Extended,2025-2026,108
科学决策,管理学,CSSCI Extended,2025-2026,109
科学与社会,管理学,CSSCI Extended,2025-2026,110
科学与无神论,宗教学,CSSCI Extended,2025-2026,111
孔学堂,哲学,CSSCI Extended,2025-2026,112
兰州学刊,综合性社会科学,CSSCI Extended,2025-2026,113
理论月刊,综合性社会科学,CSSCI Extended,2025-2026,114
历史教学,历史学,CSSCI Extended,2025-2026,115
历史教学问题,历史学,CSSCI Extended,2025-2026,116
历史评论,历史学,CSSCI Extended,2025-2026,117
辽宁大学学报(哲学社会科学版),高校学报,CSSCI Extended,2025-2026,118
马克思主义理论教学与研究,马克思主义理论,CSSCI Extended,2025-2026,119
马克思主义哲学,哲学,CSSCI Extended,2025-2026,120
满语研究,语言学,CSSCI Extended,2025-2026,121
美术观察,艺术学,CSSCI Extended,2025-2026,122
美术学报,艺术学,CSSCI Extended,2025-2026,123
民间文化论坛,民族学与文化学,CSSCI Extended,2025-2026,124
民族学论丛,民族学与文化学,CSSCI Extended,2025-2026,125
明清小说研究,中国文学,CSSCI Extended,2025-2026,126
南方建筑,艺术学,CSSCI Extended,2025-2026,127
南方金融,经济学,CSSCI Extended,2025-2026,128
南方人口,社会学,CSSCI Extended,2025-2026,129
南方文物,考古学,CSSCI Extended,2025-2026,130
南京财经大学学报,经济学,CSSCI Extended,2025-2026,131
南京工业大学学报(社会科学版),高校学报,CSSCI Extended,2025-2026,132
南京审计大学学报,经济学,CSSCI Extended,2025-2026,133
南亚研究,政治学,CSSCI Extended,2025-2026,134
农林经济管理学报,经济学,CSSCI Extended,2025-2026,135
农业经济与管理,经济学,CSSCI Extended,2025-2026,136
企业经济,管理学,CSSCI Extended,2025-2026,137
青海民族大学学报(藏文版),民族学与文化学,CSSCI Extended,2025-2026,138
青海民族大学学报(社会科学版),民族学与文化学,CSSCI Extended,2025-2026,139
青年记者,新闻学与传播学,CSSCI Extended,2025-2026,140
青年探索,社会学,CSSCI Extended,2025-2026,141
青少年犯罪问题,法学,CSSCI Extended,2025-2026,142
区域国别学刊,政治学,CSSCI Extended,2025-2026,143
区域经济评论,经济学,CSSCI Extended,2025-2026,144
热带地理,人文经济地理,CSSCI Extended,2025-2026,145
人口与社会,社会学,CSSCI Extended,2025-2026,146
人类学学报,考古学,CSSCI Extended,2025-2026,147
人民音乐,艺术学,CSSCI Extended,2025-2026,148
日语学习与研究,语言学,CSSCI Extended,2025-2026,149
山东体育学院学报,体育学,CSSCI Extended,2025-2026,150
山东外语教学,语言学,CSSCI Extended,2025-2026,151
商业经济与管理,经济学,CSSCI Extended,2025-2026,152
商业研究,经济学,CSSCI Extended,2025-2026,153
上海对外经贸大学学报,经济学,CSSCI Extended,2025-2026,154
上海文化,中国文学,CSSCI Extended,2025-2026,155
上海政法学院学报(法治论丛),法学,CSSCI Extended,2025-2026,156
社会保障研究,管理学,CSSCI Extended,2025-2026,157
社会工作,社会学,CSSCI Extended,2025-2026,158
社会科学家,综合性社会科学,CSSCI Extended,2025-2026,159
社会政策研究,社会学,CSSCI Extended,2025-2026,160
社会主义核心价值观研究,马克思主义理论,CSSCI Extended,2025-2026,161
世界地理研究,人文经济地理,CSSCI Extended,2025-2026,162
世界电影,艺术学,CSSCI Extended,2025-2026,163
世界华文文学论坛,中国文学,CSSCI Extended,2025-2026,164
世界民族,民族学与文化学,CSSCI Extended,2025-2026,165
世界农业,经济学,CSSCI Extended,2025-2026,166
首都经济贸易大学学报,经济学,CSSCI Extended,2025-2026,167
首都体育学院学报,体育学,CSSCI Extended,2025-2026,168
数学教育学报,教育学,CSSCI Extended,2025-2026,169
数字图书馆论坛,信息资源管理,CSSCI Extended,2025-2026,170
税务与经济,经济学,CSSCI Extended,2025-2026,171
思想政治教育研究,马克思主义理论,CSSCI Extended,2025-2026,172
苏区研究,马克思主义理论,CSSCI Extended,2025-2026,173
苏州大学学报(法学版),法学,CSSCI Extended,2025-2026,174
台湾研究集刊,政治学,CSSCI Extended,2025-2026,175
体育文化导刊,体育学,CSSCI Extended,2025-2026,176
天津师范大学学报(基础教育版),教育学,CSSCI Extended,2025-2026,177
天津师范大学学报(社会科学版),高校学报,CSSCI Extended,2025-2026,178
天津行政学院学报,政治学,CSSCI Extended,2025-2026,179
投资研究,经济学,CSSCI Extended,2025-2026,180
图书馆工作与研究,信息资源管理,CSSCI Extended,2025-2026,181
图书馆理论与实践,信息资源管理,CSSCI Extended,2025-2026,182
外国教育研究,教育学,CSSCI Extended,2025-2026,183
外国问题研究,历史学,CSSCI Extended,2025-2026,184
外语学刊,语言学,CSSCI Extended,2025-2026,185
外语研究,语言学,CSSCI Extended,2025-2026,186
未来传播,新闻学与传播学,CSSCI Extended,2025-2026,187
文化艺术研究,艺术学,CSSCI Extended,2025-2026,188
文学与文化,中国文学,CSSCI Extended,2025-2026,189
文艺论坛,中国文学,CSSCI Extended,2025-2026,190
五台山研究,宗教学,CSSCI Extended,2025-2026,191
武大国际法评论,法学,CSSCI Extended,2025-2026,192
西安外国语大学学报,语言学,CSSCI Extended,2025-2026,193
西北工业大学学报(社会科学版),高校学报,CSSCI Extended,2025-2026,194
西北民族大学学报(哲学社会科学版藏文),民族学与文化学,CSSCI Extended,2025-2026,195
西北民族大学学报(哲学社会科学版),民族学与文化学,CSSCI Extended,2025-2026,196
西北人口,社会学,CSSCI Extended,2025-2026,197
西部论坛,经济学,CSSCI Extended,2025-2026,198
西南金融,经济学,CSSCI Extended,2025-2026,199
西藏民族大学学报(哲学社会科学版),民族学与文化学,CSSCI Extended,2025-2026,200
西藏研究,民族学与文化学,CSSCI Extended,2025-2026,201
习近平经济思想研究,马克思主义理论,CSSCI Extended,2025-2026,202
系统工程,管理学,CSSCI Extended,2025-2026,203
系统科学学报,哲学,CSSCI Extended,2025-2026,204
现代城市研究,人文经济地理,CSSCI Extended,2025-2026,205
现代日本经济,经济学,CSSCI Extended,2025-2026,206
消费经济,经济学,CSSCI Extended,2025-2026,207
心理学探新,心理学,CSSCI Extended,2025-2026,208
心理研究,心理学,CSSCI Extended,2025-2026,209
新疆大学学报(哲学社会科学版),高校学报,CSSCI Extended,2025-2026,210
新世纪图书馆,信息资源管理,CSSCI Extended,2025-2026,211
新视野,政治学,CSSCI Extended,2025-2026,212
新文科教育研究,教育学,CSSCI Extended,2025-2026,213
新闻爱好者,新闻学与传播学,CSSCI Extended,2025-2026,214
新闻传播学刊,新闻学与传播学,CSSCI Extended,2025-2026,215
新闻春秋,新闻学与传播学,CSSCI Extended,2025-2026,216
学术交流,综合性社会科学,CSSCI Extended,2025-2026,217
学术探索,综合性社会科学,CSSCI Extended,2025-2026,218
学校党建与思想教育,马克思主义理论,CSSCI Extended,2025-2026,219
盐业史研究,历史学,CSSCI Extended,2025-2026,220
扬州大学学报(人文社会科学版),高校学报,CSSCI Extended,2025-2026,221
艺术百家,艺术学,CSSCI Extended,2025-2026,222
艺术评论,艺术学,CSSCI Extended,2025-2026,223
艺术学研究,艺术学,CSSCI Extended,2025-2026,224
印度洋经济体研究,政治学,CSSCI Extended,2025-2026,225
语言学论丛,语言学,CSSCI Extended,2025-2026,226
语言与翻译,语言学,CSSCI Extended,2025-2026,227
原生态民族文化学刊,民族学与文化学,CSSCI Extended,2025-2026,228
云南财经大学学报,经济学,CSSCI Extended,2025-2026,229
云南大学学报(社会科学版),高校学报,CSSCI Extended,2025-2026,230
云南师范大学学报(对外汉语教学与研究版),教育学,CSSCI Extended,2025-2026,231
战略决策研究,政治学,CSSCI Extended,2025-2026,232
长江学术,中国文学,CSSCI Extended,2025-2026,233
政治经济学季刊,经济学,CSSCI Extended,2025-2026,234
政治经济学研究,经济学,CSSCI Extended,2025-2026,235
政治思想史,政治学,CSSCI Extended,2025-2026,236
智库理论与实践,管理学,CSSCI Extended,2025-2026,237
中国博物馆,考古学,CSSCI Extended,2025-2026,238
中国地方志,历史学,CSSCI Extended,2025-2026,239
中国典籍与文化,历史学,CSSCI Extended,2025-2026,240
中国俄语教学,语言学,CSSCI Extended,2025-2026,241
中国非物质文化遗产,中华传统文化,CSSCI Extended,2025-2026,242
中国国家博物馆馆刊,考古学,CSSCI Extended,2025-2026,243
中国教育科学(中英文),教育学,CSSCI Extended,2025-2026,244
中国考试,教育学,CSSCI Extended,2025-2026,245
中国科学基金,管理学,CSSCI Extended,2025-2026,246
中国穆斯林,宗教学,CSSCI Extended,2025-2026,247
中国农业资源与区划,自然资源与环境科学,CSSCI Extended,2025-2026,248
中国青年社会科学,社会学,CSSCI Extended,2025-2026,249
中国人民大学教育学刊,教育学,CSSCI Extended,2025-2026,250
中国图书评论,综合性社会科学,CSSCI Extended,2025-2026,251
中国网信,管理学,CSSCI Extended,2025-2026,252
中国文化研究,民族学与文化学,CSSCI Extended,2025-2026,253
中国心理卫生杂志,心理学,CSSCI Extended,2025-2026,254
中国政法大学学报,法学,CSSCI Extended,2025-2026,255
中国职业技术教育,教育学,CSSCI Extended,2025-2026,256
中国宗教,宗教学,CSSCI Extended,2025-2026,257
中华民族共同体研究,民族学与文化学,CSSCI Extended,2025-2026,258
中小学管理,教育学,CSSCI Extended,2025-2026,259
中央社会主义学院学报,马克思主义理论,CSSCI Extended,2025-2026,260
自然科学史研究,历史学,CSSCI Extended,2025-2026,261
