JournalTitle,Category,List,Edition,OverallRank,CategoryRank
中国社会科学,综合人文、社会科学类,PKU Core,2023,1,1
学术月刊,综合人文、社会科学类,PKU Core,2023,2,2
中国人民大学学报,综合人文、社会科学类,PKU Core,2023,3,3
北京大学学报.哲学社会科学版,综合人文、社会科学类,PKU Core,2023,4,4
南京社会科学,综合人文、社会科学类,PKU Core,2023,5,5
武汉大学学报·哲学社会科学版,综合人文、社会科学类,PKU Core,2023,6,6
探索与争鸣,综合人文、社会科学类,PKU Core,2023,7,7
社会科学,综合人文、社会科学类,PKU Core,2023,8,8
北京师范大学学报.社会科学版,综合人文、社会科学类,PKU Core,2023,9,9
清华大学学报·哲学社会科学版,综合人文、社会科学类,PKU Core,2023,10,10
社会科学战线,综合人文、社会科学类,PKU Core,2023,11,11
华中师范大学学报.人文社会科学版,综合人文、社会科学类,PKU Core,2023,12,12
浙江社会科学,综合人文、社会科学类,PKU Core,2023,13,13
南京大学学报·哲学・人文科学・社会科学,综合人文、社会科学类,PKU Core,2023,14,14
复旦学报.社会科学版,综合人文、社会科学类,PKU Core,2023,15,15
社会科学研究,综合人文、社会科学类,PKU Core,2023,16,16
江苏社会科学,综合人文、社会科学类,PKU Core,2023,17,17
厦门大学学报.哲学社会科学版,综合人文、社会科学类,PKU Core,2023,18,18
西南民族大学学报.人文社会科学版,综合人文、社会科学类,PKU Core,2023,19,19
吉林大学社会科学学报,综合人文、社会科学类,PKU Core,2023,20,20
南开学报.哲学社会科学版,综合人文、社会科学类,PKU Core,2023,21,21
学习与探索,综合人文、社会科学类,PKU Core,2023,22,22
西安交通大学学报·社会科学版,综合人文、社会科学类,PKU Core,2023,23,23
中州学刊,综合人文、社会科学类,PKU Core,2023,24,24
思想战线,综合人文、社会科学类,PKU Core,2023,25,25
东南学术,综合人文、社会科学类,PKU Core,2023,26,26
学术研究,综合人文、社会科学类,PKU Core,2023,27,27
山东大学学报·哲学社会科学版,综合人文、社会科学类,PKU Core,2023,28,28
文史哲,综合人文、社会科学类,PKU Core,2023,29,29
华东师范大学学报·哲学社会科学版,综合人文、社会科学类,PKU Core,2023,30,30
江海学刊,综合人文、社会科学类,PKU Core,2023,31,31
学海,综合人文、社会科学类,PKU Core,2023,32,32
中山大学学报·社会科学版,综合人文、社会科学类,PKU Core,2023,33,33
四川大学学报.哲学社会科学版,综合人文、社会科学类,PKU Core,2023,34,34
西南大学学报·社会科学版,综合人文、社会科学类,PKU Core,2023,35,35
天津社会科学,综合人文、社会科学类,PKU Core,2023,36,36
陕西师范大学学报.哲学社会科学版,综合人文、社会科学类,PKU Core,2023,37,37
山东社会科学,综合人文、社会科学类,PKU Core,2023,38,38
西北师大学报.社会科学版,综合人文、社会科学类,PKU Core,2023,39,39
重庆大学学报.社会科学版,综合人文、社会科学类,PKU Core,2023,40,40
人文杂志,综合人文、社会科学类,PKU Core,2023,41,41
河海大学学报.哲学社会科学版,综合人文、社会科学类,PKU Core,2023,42,42
湖南师范大学社会科学学报,综合人文、社会科学类,PKU Core,2023,43,43
西北大学学报.哲学社会科学版,综合人文、社会科学类,PKU Core,2023,44,44
求是学刊,综合人文、社会科学类,PKU Core,2023,45,45
浙江大学学报.人文社会科学版,综合人文、社会科学类,PKU Core,2023,46,46
贵州社会科学,综合人文、社会科学类,PKU Core,2023,47,47
华南师范大学学报.社会科学版,综合人文、社会科学类,PKU Core,2023,48,48
新疆师范大学学报.哲学社会科学版,综合人文、社会科学类,PKU Core,2023,49,49
甘肃社会科学,综合人文、社会科学类,PKU Core,2023,50,50
浙江学刊,综合人文、社会科学类,PKU Core,2023,51,51
南京师大学报.社会科学版,综合人文、社会科学类,PKU Core,2023,52,52
河北学刊,综合人文、社会科学类,PKU Core,2023,53,53
上海大学学报.社会科学版,综合人文、社会科学类,PKU Core,2023,54,54
东岳论丛,综合人文、社会科学类,PKU Core,2023,55,55
华中科技大学学报.社会科学版,综合人文、社会科学类,PKU Core,2023,56,56
学习与实践,综合人文、社会科学类,PKU Core,2023,57,57
深圳大学学报.人文社会科学版,综合人文、社会科学类,PKU Core,2023,58,58
社会科学辑刊,综合人文、社会科学类,PKU Core,2023,59,59
广东社会科学,综合人文、社会科学类,PKU Core,2023,60,60
江汉论坛,综合人文、社会科学类,PKU Core,2023,61,61
东南大学学报·哲学社会科学版,综合人文、社会科学类,PKU Core,2023,62,62
北京工业大学学报·社会科学版,综合人文、社会科学类,PKU Core,2023,63,63
学术界,综合人文、社会科学类,PKU Core,2023,64,64
中南民族大学学报·人文社会科学版,综合人文、社会科学类,PKU Core,2023,65,65
苏州大学学报·哲学社会科学版,综合人文、社会科学类,PKU Core,2023,66,66
中国地质大学学报·社会科学版,综合人文、社会科学类,PKU Core,2023,67,67
上海师范大学学报·哲学社会科学版,综合人文、社会科学类,PKU Core,2023,68,68
世界社会科学（曾用名：国外社会科学）,综合人文、社会科学类,PKU Core,2023,69,69
浙江工商大学学报,综合人文、社会科学类,PKU Core,2023,70,70
江西社会科学,综合人文、社会科学类,PKU Core,2023,71,71
北京理工大学学报.社会科学版,综合人文、社会科学类,PKU Core,2023,72,72
湖北大学学报.哲学社会科学版,综合人文、社会科学类,PKU Core,2023,73,73
江淮论坛,综合人文、社会科学类,PKU Core,2023,74,74
内蒙古社会科学,综合人文、社会科学类,PKU Core,2023,75,75
暨南学报.哲学社会科学版,综合人文、社会科学类,PKU Core,2023,76,76
东北师大学报.哲学社会科学版,综合人文、社会科学类,PKU Core,2023,77,77
云南社会科学,综合人文、社会科学类,PKU Core,2023,78,78
上海交通大学学报.哲学社会科学版,综合人文、社会科学类,PKU Core,2023,79,79
中国高校社会科学,综合人文、社会科学类,PKU Core,2023,80,80
兰州大学学报.社会科学版,综合人文、社会科学类,PKU Core,2023,81,81
中央民族大学学报.哲学社会科学版,综合人文、社会科学类,PKU Core,2023,82,82
东北大学学报.社会科学版,综合人文、社会科学类,PKU Core,2023,83,83
吉首大学学报.社会科学版,综合人文、社会科学类,PKU Core,2023,84,84
大连理工大学学报.社会科学版,综合人文、社会科学类,PKU Core,2023,85,85
福建师范大学学报.哲学社会科学版,综合人文、社会科学类,PKU Core,2023,86,86
云南民族大学学报.哲学社会科学版,综合人文、社会科学类,PKU Core,2023,87,87
学术论坛,综合人文、社会科学类,PKU Core,2023,88,88
福建论坛.人文社会科学版,综合人文、社会科学类,PKU Core,2023,89,89
湖南大学学报.社会科学版,综合人文、社会科学类,PKU Core,2023,90,90
河南大学学报.社会科学版,综合人文、社会科学类,PKU Core,2023,91,91
四川师范大学学报.社会科学版,综合人文、社会科学类,PKU Core,2023,92,92
北京交通大学学报·社会科学版,综合人文、社会科学类,PKU Core,2023,93,93
河南社会科学,综合人文、社会科学类,PKU Core,2023,94,94
云南师范大学学报·哲学社会科学版,综合人文、社会科学类,PKU Core,2023,95,95
河南师范大学学报·哲学社会科学版,综合人文、社会科学类,PKU Core,2023,96,96
江西师范大学学报.哲学社会科学版,综合人文、社会科学类,PKU Core,2023,97,97
宁夏社会科学,综合人文、社会科学类,PKU Core,2023,98,98
湘潭大学学报.哲学社会科学版,综合人文、社会科学类,PKU Core,2023,99,99
求索,综合人文、社会科学类,PKU Core,2023,100,100
山西大学学报.哲学社会科学版,综合人文、社会科学类,PKU Core,2023,101,101
中南大学学报.社会科学版,综合人文、社会科学类,PKU Core,2023,102,102
湖南科技大学学报.社会科学版,综合人文、社会科学类,PKU Core,2023,103,103
湖湘论坛,综合人文、社会科学类,PKU Core,2023,104,104
理论月刊,综合人文、社会科学类,PKU Core,2023,105,105
安徽大学学报.哲学社会科学版,综合人文、社会科学类,PKU Core,2023,106,106
中国青年社会科学,综合人文、社会科学类,PKU Core,2023,107,107
北京社会科学,综合人文、社会科学类,PKU Core,2023,108,108
广西民族大学学报.哲学社会科学版,综合人文、社会科学类,PKU Core,2023,109,109
湖北社会科学,综合人文、社会科学类,PKU Core,2023,110,110
山东师范大学学报.社会科学版,综合人文、社会科学类,PKU Core,2023,111,111
郑州大学学报.哲学社会科学版,综合人文、社会科学类,PKU Core,2023,112,112
重庆社会科学,综合人文、社会科学类,PKU Core,2023,113,113
湖南社会科学,综合人文、社会科学类,PKU Core,2023,114,114
青海社会科学,综合人文、社会科学类,PKU Core,2023,115,115
华东理工大学学报.社会科学版,综合人文、社会科学类,PKU Core,2023,116,116
南昌大学学报.人文社会科学版,综合人文、社会科学类,PKU Core,2023,117,117
首都师范大学学报.社会科学版,综合人文、社会科学类,PKU Core,2023,118,118
同济大学学报.社会科学版,综合人文、社会科学类,PKU Core,2023,119,119
南通大学学报.社会科学版,综合人文、社会科学类,PKU Core,2023,120,120
社会科学家,综合人文、社会科学类,PKU Core,2023,121,121
齐鲁学刊,综合人文、社会科学类,PKU Core,2023,122,122
哲学研究,哲学,PKU Core,2023,123,1
哲学动态,哲学,PKU Core,2023,124,2
中国哲学史,哲学,PKU Core,2023,125,3
世界哲学,哲学,PKU Core,2023,126,4
道德与文明,哲学,PKU Core,2023,127,5
周易研究,哲学,PKU Core,2023,128,6
伦理学研究,哲学,PKU Core,2023,129,7
哲学分析,哲学,PKU Core,2023,130,8
现代哲学,哲学,PKU Core,2023,131,9
孔子研究,哲学,PKU Core,2023,132,10
心理学报,心理学,PKU Core,2023,133,1
心理科学进展,心理学,PKU Core,2023,134,2
心理发展与教育,心理学,PKU Core,2023,135,3
心理科学,心理学,PKU Core,2023,136,4
心理与行为研究,心理学,PKU Core,2023,137,5
心理学探新,心理学,PKU Core,2023,138,6
世界宗教研究,宗教,PKU Core,2023,139,1
宗教学研究,宗教,PKU Core,2023,140,2
世界宗教文化,宗教,PKU Core,2023,141,3
佛学研究,宗教,PKU Core,2023,142,4
中国道教,宗教,PKU Core,2023,143,5
中国宗教,宗教,PKU Core,2023,144,6
统计研究,统计学,PKU Core,2023,145,1
统计与决策,统计学,PKU Core,2023,146,2
统计与信息论坛,统计学,PKU Core,2023,147,3
数理统计与管理,统计学,PKU Core,2023,148,4
社会学研究,社会学,PKU Core,2023,149,1
社会,社会学,PKU Core,2023,150,2
社会学评论,社会学,PKU Core,2023,151,3
妇女研究论丛,社会学,PKU Core,2023,152,4
社会发展研究,社会学,PKU Core,2023,153,5
青年研究,社会学,PKU Core,2023,154,6
社会保障研究,社会学,PKU Core,2023,155,7
人口研究,人口学,PKU Core,2023,156,1
中国人口科学,人口学,PKU Core,2023,157,2
人口学刊,人口学,PKU Core,2023,158,3
人口与经济,人口学,PKU Core,2023,159,4
人口与发展,人口学,PKU Core,2023,160,5
西北人口,人口学,PKU Core,2023,161,6
管理学报,管理学,PKU Core,2023,162,1
中国管理科学,管理学,PKU Core,2023,163,2
管理科学学报,管理学,PKU Core,2023,164,3
管理工程学报,管理学,PKU Core,2023,165,4
领导科学,管理学,PKU Core,2023,166,5
智库理论与实践,管理学,PKU Core,2023,167,6
现代管理科学,管理学,PKU Core,2023,168,7
中国人力资源开发,人才学,PKU Core,2023,169,1
民族研究,民族学,PKU Core,2023,170,1
西北民族研究,民族学,PKU Core,2023,171,2
广西民族研究,民族学,PKU Core,2023,172,3
湖北民族大学学报.哲学社会科学版,民族学,PKU Core,2023,173,4
北方民族大学学报.哲学社会科学版,民族学,PKU Core,2023,174,5
贵州民族研究,民族学,PKU Core,2023,175,6
世界民族,民族学,PKU Core,2023,176,7
西北民族大学学报.哲学社会科学版,民族学,PKU Core,2023,177,8
民族学刊,民族学,PKU Core,2023,178,9
新疆大学学报.哲学社会科学版（曾用名：新疆大学学报.哲学.人文社会科学版）,民族学,PKU Core,2023,179,10
青海民族研究,民族学,PKU Core,2023,180,11
黑龙江民族丛刊,民族学,PKU Core,2023,181,12
西藏大学学报.社会科学版,民族学,PKU Core,2023,182,13
西藏研究,民族学,PKU Core,2023,183,14
民族学论丛（曾用名：回族研究）,民族学,PKU Core,2023,184,15
原生态民族文化学刊,民族学,PKU Core,2023,185,16
世界经济与政治,国际政治,PKU Core,2023,186,1
外交评论,国际政治,PKU Core,2023,187,2
当代亚太,国际政治,PKU Core,2023,188,3
国际问题研究,国际政治,PKU Core,2023,189,4
现代国际关系,国际政治,PKU Core,2023,190,5
国际政治科学,国际政治,PKU Core,2023,191,6
国际政治研究,国际政治,PKU Core,2023,192,7
当代世界与社会主义,国际政治,PKU Core,2023,193,8
国际观察,国际政治,PKU Core,2023,194,9
美国研究,国际政治,PKU Core,2023,195,10
欧洲研究,国际政治,PKU Core,2023,196,11
国际安全研究,国际政治,PKU Core,2023,197,12
国际展望,国际政治,PKU Core,2023,198,13
西亚非洲,国际政治,PKU Core,2023,199,14
国际论坛,国际政治,PKU Core,2023,200,15
太平洋学报,国际政治,PKU Core,2023,201,16
东北亚论坛,国际政治,PKU Core,2023,202,17
南亚研究,国际政治,PKU Core,2023,203,18
亚太安全与海洋研究,国际政治,PKU Core,2023,204,19
国外理论动态,国际政治,PKU Core,2023,205,20
南洋问题研究,国际政治,PKU Core,2023,206,21
阿拉伯世界研究,国际政治,PKU Core,2023,207,22
政治学研究,中国政治,PKU Core,2023,208,1
公共管理学报,中国政治,PKU Core,2023,209,2
中国行政管理,中国政治,PKU Core,2023,210,3
行政论坛,中国政治,PKU Core,2023,211,4
求是,中国政治,PKU Core,2023,212,5
电子政务,中国政治,PKU Core,2023,213,6
探索,中国政治,PKU Core,2023,214,7
中共中央党校(国家行政学院)学报,中国政治,PKU Core,2023,215,8
公共行政评论,中国政治,PKU Core,2023,216,9
马克思主义研究,中国政治,PKU Core,2023,217,10
上海行政学院学报,中国政治,PKU Core,2023,218,11
开放时代,中国政治,PKU Core,2023,219,12
公共管理与政策评论,中国政治,PKU Core,2023,220,13
社会主义研究,中国政治,PKU Core,2023,221,14
理论与改革,中国政治,PKU Core,2023,222,15
治理研究,中国政治,PKU Core,2023,223,16
马克思主义与现实,中国政治,PKU Core,2023,224,17
理论探讨,中国政治,PKU Core,2023,225,18
求实,中国政治,PKU Core,2023,226,19
中国特色社会主义研究,中国政治,PKU Core,2023,227,20
北京行政学院学报,中国政治,PKU Core,2023,228,21
教学与研究,中国政治,PKU Core,2023,229,22
理论探索,中国政治,PKU Core,2023,230,23
中共党史研究,中国政治,PKU Core,2023,231,24
江苏行政学院学报,中国政治,PKU Core,2023,232,25
人民论坛,中国政治,PKU Core,2023,233,26
行政管理改革,中国政治,PKU Core,2023,234,27
毛泽东邓小平理论研究,中国政治,PKU Core,2023,235,28
科学社会主义,中国政治,PKU Core,2023,236,29
新视野,中国政治,PKU Core,2023,237,30
天津行政学院学报,中国政治,PKU Core,2023,238,31
党政研究,中国政治,PKU Core,2023,239,32
中国青年研究,中国政治,PKU Core,2023,240,33
中共天津市委党校学报,中国政治,PKU Core,2023,241,34
学术前沿,中国政治,PKU Core,2023,242,35
思想理论教育,中国政治,PKU Core,2023,243,36
马克思主义理论学科研究,中国政治,PKU Core,2023,244,37
学习论坛,中国政治,PKU Core,2023,245,38
中共福建省委党校(福建行政学院)学报,中国政治,PKU Core,2023,246,39
党的文献,中国政治,PKU Core,2023,247,40
思想理论教育导刊,中国政治,PKU Core,2023,248,41
理论学刊,中国政治,PKU Core,2023,249,42
毛泽东研究,中国政治,PKU Core,2023,250,43
中国人民公安大学学报·社会科学版,公安管理，公共工作,PKU Core,2023,251,1
中国法学,法律,PKU Core,2023,252,1
法学研究,法律,PKU Core,2023,253,2
中外法学,法律,PKU Core,2023,254,3
比较法研究,法律,PKU Core,2023,255,4
法学,法律,PKU Core,2023,256,5
法律科学,法律,PKU Core,2023,257,6
法学家,法律,PKU Core,2023,258,7
法商研究,法律,PKU Core,2023,259,8
清华法学,法律,PKU Core,2023,260,9
法学评论,法律,PKU Core,2023,261,10
政治与法律,法律,PKU Core,2023,262,11
现代法学,法律,PKU Core,2023,263,12
环球法律评论,法律,PKU Core,2023,264,13
东方法学,法律,PKU Core,2023,265,14
中国刑事法杂志,法律,PKU Core,2023,266,15
法制与社会发展,法律,PKU Core,2023,267,16
华东政法大学学报,法律,PKU Core,2023,268,17
当代法学,法律,PKU Core,2023,269,18
政法论坛,法律,PKU Core,2023,270,19
法学论坛,法律,PKU Core,2023,271,20
行政法学研究,法律,PKU Core,2023,272,21
国家检察官学院学报,法律,PKU Core,2023,273,22
法学杂志,法律,PKU Core,2023,274,23
中国法律评论,法律,PKU Core,2023,275,24
政法论丛,法律,PKU Core,2023,276,25
河北法学,法律,PKU Core,2023,277,26
法律适用,法律,PKU Core,2023,278,27
知识产权,法律,PKU Core,2023,279,28
交大法学,法律,PKU Core,2023,280,29
法治研究,法律,PKU Core,2023,281,30
经济研究,综合性经济科学,PKU Core,2023,282,1
管理世界,综合性经济科学,PKU Core,2023,283,2
经济学,综合性经济科学,PKU Core,2023,284,3
经济学家,综合性经济科学,PKU Core,2023,285,4
经济学动态,综合性经济科学,PKU Core,2023,286,5
经济管理,综合性经济科学,PKU Core,2023,287,6
经济评论,综合性经济科学,PKU Core,2023,288,7
经济科学,综合性经济科学,PKU Core,2023,289,8
南开经济研究,综合性经济科学,PKU Core,2023,290,9
当代财经,综合性经济科学,PKU Core,2023,291,10
经济纵横,综合性经济科学,PKU Core,2023,292,11
财经科学,综合性经济科学,PKU Core,2023,293,12
上海财经大学学报.哲学社会科学版,综合性经济科学,PKU Core,2023,294,13
中南财经政法大学学报,综合性经济科学,PKU Core,2023,295,14
当代经济科学,综合性经济科学,PKU Core,2023,296,15
经济经纬,综合性经济科学,PKU Core,2023,297,16
经济问题,综合性经济科学,PKU Core,2023,298,17
现代财经,综合性经济科学,PKU Core,2023,299,18
广东财经大学学报,综合性经济科学,PKU Core,2023,300,19
当代经济研究,综合性经济科学,PKU Core,2023,301,20
贵州财经大学学报,综合性经济科学,PKU Core,2023,302,21
江西财经大学学报,综合性经济科学,PKU Core,2023,303,22
云南财经大学学报,综合性经济科学,PKU Core,2023,304,23
首都经济贸易大学学报,综合性经济科学,PKU Core,2023,305,24
河北经贸大学学报,综合性经济科学,PKU Core,2023,306,25
山西财经大学学报,综合性经济科学,PKU Core,2023,307,26
世界经济,世界经济,PKU Core,2023,308,1
世界经济研究,世界经济,PKU Core,2023,309,2
经济社会体制比较,世界经济,PKU Core,2023,310,3
国际经济评论,世界经济,PKU Core,2023,311,4
亚太经济,世界经济,PKU Core,2023,312,5
外国经济与管理,世界经济,PKU Core,2023,313,6
世界经济与政治论坛,世界经济,PKU Core,2023,314,7
世界经济文汇,世界经济,PKU Core,2023,315,8
现代日本经济,世界经济,PKU Core,2023,316,9
数量经济技术经济研究,经济学，中国经济，经济管理,PKU Core,2023,317,1
改革,经济学，中国经济，经济管理,PKU Core,2023,318,2
经济问题探索,经济学，中国经济，经济管理,PKU Core,2023,319,3
上海经济研究,经济学，中国经济，经济管理,PKU Core,2023,320,4
经济理论与经济管理,经济学，中国经济，经济管理,PKU Core,2023,321,5
政治经济学评论,经济学，中国经济，经济管理,PKU Core,2023,322,6
城市问题,经济学，中国经济，经济管理,PKU Core,2023,323,7
宏观经济研究,经济学，中国经济，经济管理,PKU Core,2023,324,8
南方经济,经济学，中国经济，经济管理,PKU Core,2023,325,9
中国流通经济,经济学，中国经济，经济管理,PKU Core,2023,326,10
区域经济评论,经济学，中国经济，经济管理,PKU Core,2023,327,11
华东经济管理,经济学，中国经济，经济管理,PKU Core,2023,328,12
经济与管理评论,经济学，中国经济，经济管理,PKU Core,2023,329,13
研究与发展管理,经济学，中国经济，经济管理,PKU Core,2023,330,14
城市发展研究,经济学，中国经济，经济管理,PKU Core,2023,331,15
经济体制改革,经济学，中国经济，经济管理,PKU Core,2023,332,16
中国经济问题,经济学，中国经济，经济管理,PKU Core,2023,333,17
现代经济探讨,经济学，中国经济，经济管理,PKU Core,2023,334,18
产经评论,经济学，中国经济，经济管理,PKU Core,2023,335,19
西部论坛,经济学，中国经济，经济管理,PKU Core,2023,336,20
生态经济,经济学，中国经济，经济管理,PKU Core,2023,337,21
当代经济管理,经济学，中国经济，经济管理,PKU Core,2023,338,22
管理学刊,经济学，中国经济，经济管理,PKU Core,2023,339,23
技术经济,经济学，中国经济，经济管理,PKU Core,2023,340,24
运筹与管理,经济学，中国经济，经济管理,PKU Core,2023,341,25
经济与管理,经济学，中国经济，经济管理,PKU Core,2023,342,26
宏观经济管理,经济学，中国经济，经济管理,PKU Core,2023,343,27
劳动经济研究,经济学，中国经济，经济管理,PKU Core,2023,344,28
会计研究,会计,PKU Core,2023,345,1
会计与经济研究,会计,PKU Core,2023,346,2
财会月刊,会计,PKU Core,2023,347,3
会计之友,会计,PKU Core,2023,348,4
财会通讯,会计,PKU Core,2023,349,5
中国注册会计师,会计,PKU Core,2023,350,6
财务与会计,会计,PKU Core,2023,351,7
审计研究,审计,PKU Core,2023,352,1
审计与经济研究,审计,PKU Core,2023,353,2
南京审计大学学报,审计,PKU Core,2023,354,3
中国农村经济,农业经济,PKU Core,2023,355,1
农业经济问题,农业经济,PKU Core,2023,356,2
中国农村观察,农业经济,PKU Core,2023,357,3
农业技术经济,农业经济,PKU Core,2023,358,4
中国土地科学,农业经济,PKU Core,2023,359,5
南京农业大学学报.社会科学版,农业经济,PKU Core,2023,360,6
农村经济,农业经济,PKU Core,2023,361,7
西北农林科技大学学报.社会科学版,农业经济,PKU Core,2023,362,8
华中农业大学学报.社会科学版,农业经济,PKU Core,2023,363,9
中国农业资源与区划,农业经济,PKU Core,2023,364,10
华南农业大学学报.社会科学版,农业经济,PKU Core,2023,365,11
农业现代化研究,农业经济,PKU Core,2023,366,12
中国农业大学学报.社会科学版,农业经济,PKU Core,2023,367,13
农林经济管理学报,农业经济,PKU Core,2023,368,14
农业经济与管理,农业经济,PKU Core,2023,369,15
林业经济问题,农业经济,PKU Core,2023,370,16
农业经济,农业经济,PKU Core,2023,371,17
中国工业经济,工业经济,PKU Core,2023,372,1
南开管理评论,工业经济,PKU Core,2023,373,2
管理评论,工业经济,PKU Core,2023,374,3
管理科学,工业经济,PKU Core,2023,375,4
产业经济研究,工业经济,PKU Core,2023,376,5
软科学,工业经济,PKU Core,2023,377,6
经济与管理研究,工业经济,PKU Core,2023,378,7
工程管理科技前沿,工业经济,PKU Core,2023,379,8
工业技术经济,工业经济,PKU Core,2023,380,9
工业工程与管理,工业经济,PKU Core,2023,381,10
管理案例研究与评论,工业经济,PKU Core,2023,382,11
企业经济,工业经济,PKU Core,2023,383,12
管理现代化,工业经济,PKU Core,2023,384,13
技术经济与管理研究,工业经济,PKU Core,2023,385,14
旅游学刊,旅游,PKU Core,2023,386,1
旅游科学,旅游,PKU Core,2023,387,2
国际贸易问题,贸易经济,PKU Core,2023,388,1
国际经贸探索,贸易经济,PKU Core,2023,389,2
财贸经济,贸易经济,PKU Core,2023,390,3
国际贸易,贸易经济,PKU Core,2023,391,4
国际商务,贸易经济,PKU Core,2023,392,5
商业经济与管理,贸易经济,PKU Core,2023,393,6
商业经济研究,贸易经济,PKU Core,2023,394,7
北京工商大学学报.社会科学版,贸易经济,PKU Core,2023,395,8
消费经济,贸易经济,PKU Core,2023,396,9
国际经济合作,贸易经济,PKU Core,2023,397,10
财贸研究,贸易经济,PKU Core,2023,398,11
商业研究,贸易经济,PKU Core,2023,399,12
价格月刊,贸易经济,PKU Core,2023,400,13
价格理论与实践,贸易经济,PKU Core,2023,401,14
国际商务研究,贸易经济,PKU Core,2023,402,15
上海对外经贸大学学报,贸易经济,PKU Core,2023,403,16
财政研究,财政，国家财政,PKU Core,2023,404,1
税务研究,财政，国家财政,PKU Core,2023,405,2
国际税收,财政，国家财政,PKU Core,2023,406,3
财经研究,财政，国家财政,PKU Core,2023,407,4
中央财经大学学报,财政，国家财政,PKU Core,2023,408,5
地方财政研究,财政，国家财政,PKU Core,2023,409,6
税务与经济,财政，国家财政,PKU Core,2023,410,7
财经论丛,财政，国家财政,PKU Core,2023,411,8
财经问题研究,财政，国家财政,PKU Core,2023,412,9
税收经济研究,财政，国家财政,PKU Core,2023,413,10
金融研究,货币，金融、银行、保险,PKU Core,2023,414,1
国际金融研究,货币，金融、银行、保险,PKU Core,2023,415,2
金融经济学研究,货币，金融、银行、保险,PKU Core,2023,416,3
保险研究,货币，金融、银行、保险,PKU Core,2023,417,4
金融论坛,货币，金融、银行、保险,PKU Core,2023,418,5
金融监管研究,货币，金融、银行、保险,PKU Core,2023,419,6
证券市场导报,货币，金融、银行、保险,PKU Core,2023,420,7
金融评论,货币，金融、银行、保险,PKU Core,2023,421,8
上海金融,货币，金融、银行、保险,PKU Core,2023,422,9
金融理论与实践,货币，金融、银行、保险,PKU Core,2023,423,10
财经理论与实践,货币，金融、银行、保险,PKU Core,2023,424,11
南方金融,货币，金融、银行、保险,PKU Core,2023,425,12
新金融,货币，金融、银行、保险,PKU Core,2023,426,13
西南金融,货币，金融、银行、保险,PKU Core,2023,427,14
金融发展研究,货币，金融、银行、保险,PKU Core,2023,428,15
投资研究,货币，金融、银行、保险,PKU Core,2023,429,16
金融与经济,货币，金融、银行、保险,PKU Core,2023,430,17
征信,货币，金融、银行、保险,PKU Core,2023,431,18
武汉金融,货币，金融、银行、保险,PKU Core,2023,432,19
中国金融,货币，金融、银行、保险,PKU Core,2023,433,20
农村金融研究,货币，金融、银行、保险,PKU Core,2023,434,21
国际新闻界,新闻学,PKU Core,2023,435,1
新闻与传播研究,新闻学,PKU Core,2023,436,2
新闻记者,新闻学,PKU Core,2023,437,3
现代传播,新闻学,PKU Core,2023,438,4
新闻大学,新闻学,PKU Core,2023,439,5
新闻界,新闻学,PKU Core,2023,440,6
当代传播,新闻学,PKU Core,2023,441,7
新闻与写作,新闻学,PKU Core,2023,442,8
新闻与传播评论,新闻学,PKU Core,2023,443,9
电视研究,广播电视,PKU Core,2023,444,1
中国广播电视学刊,广播电视,PKU Core,2023,445,2
中国科技期刊研究,出版,PKU Core,2023,446,1
编辑学报,出版,PKU Core,2023,447,2
编辑之友,出版,PKU Core,2023,448,3
科技与出版,出版,PKU Core,2023,449,4
出版发行研究,出版,PKU Core,2023,450,5
出版科学,出版,PKU Core,2023,451,6
中国出版,出版,PKU Core,2023,452,7
中国编辑,出版,PKU Core,2023,453,8
现代出版,出版,PKU Core,2023,454,9
出版广角,出版,PKU Core,2023,455,10
中国博物馆,博物馆,PKU Core,2023,456,1
中国图书馆学报,图书馆、信息事业,PKU Core,2023,457,1
图书情报工作,图书馆、信息事业,PKU Core,2023,458,2
情报学报,图书馆、信息事业,PKU Core,2023,459,3
大学图书馆学报,图书馆、信息事业,PKU Core,2023,460,4
情报理论与实践,图书馆、信息事业,PKU Core,2023,461,5
图书情报知识,图书馆、信息事业,PKU Core,2023,462,6
图书与情报,图书馆、信息事业,PKU Core,2023,463,7
图书馆论坛,图书馆、信息事业,PKU Core,2023,464,8
情报资料工作,图书馆、信息事业,PKU Core,2023,465,9
情报科学,图书馆、信息事业,PKU Core,2023,466,10
情报杂志,图书馆、信息事业,PKU Core,2023,467,11
图书馆建设,图书馆、信息事业,PKU Core,2023,468,12
现代情报,图书馆、信息事业,PKU Core,2023,469,13
图书馆杂志,图书馆、信息事业,PKU Core,2023,470,14
图书馆学研究,图书馆、信息事业,PKU Core,2023,471,15
图书馆工作与研究,图书馆、信息事业,PKU Core,2023,472,16
国家图书馆学刊,图书馆、信息事业,PKU Core,2023,473,17
数据分析与知识发现,图书馆、信息事业,PKU Core,2023,474,18
档案学通讯,档案学,PKU Core,2023,475,1
档案学研究,档案学,PKU Core,2023,476,2
档案管理,档案学,PKU Core,2023,477,3
山西档案,档案学,PKU Core,2023,478,4
中国档案,档案学,PKU Core,2023,479,5
北京档案,档案学,PKU Core,2023,480,6
浙江档案,档案学,PKU Core,2023,481,7
科学学研究,科学研究,PKU Core,2023,482,1
科研管理,科学研究,PKU Core,2023,483,2
中国软科学,科学研究,PKU Core,2023,484,3
科学学与科学技术管理,科学研究,PKU Core,2023,485,4
中国科技论坛,科学研究,PKU Core,2023,486,5
科学管理研究,科学研究,PKU Core,2023,487,6
科技进步与对策,科学研究,PKU Core,2023,488,7
教育研究,教育事业，师范教育、教师教育,PKU Core,2023,489,1
华东师范大学学报.教育科学版,教育事业，师范教育、教师教育,PKU Core,2023,490,2
清华大学教育研究,教育事业，师范教育、教师教育,PKU Core,2023,491,3
北京大学教育评论,教育事业，师范教育、教师教育,PKU Core,2023,492,4
教育发展研究,教育事业，师范教育、教师教育,PKU Core,2023,493,5
教育与经济,教育事业，师范教育、教师教育,PKU Core,2023,494,6
全球教育展望,教育事业，师范教育、教师教育,PKU Core,2023,495,7
教育学报,教育事业，师范教育、教师教育,PKU Core,2023,496,8
现代教育管理,教育事业，师范教育、教师教育,PKU Core,2023,497,9
教师教育研究,教育事业，师范教育、教师教育,PKU Core,2023,498,10
比较教育研究,教育事业，师范教育、教师教育,PKU Core,2023,499,11
湖南师范大学教育科学学报,教育事业，师范教育、教师教育,PKU Core,2023,500,12
教育科学,教育事业，师范教育、教师教育,PKU Core,2023,501,13
教育研究与实验,教育事业，师范教育、教师教育,PKU Core,2023,502,14
外国教育研究,教育事业，师范教育、教师教育,PKU Core,2023,503,15
教育学术月刊,教育事业，师范教育、教师教育,PKU Core,2023,504,16
河北师范大学学报.教育科学版,教育事业，师范教育、教师教育,PKU Core,2023,505,17
苏州大学学报.教育科学版,教育事业，师范教育、教师教育,PKU Core,2023,506,18
当代教育论坛,教育事业，师范教育、教师教育,PKU Core,2023,507,19
比较教育学报,教育事业，师范教育、教师教育,PKU Core,2023,508,20
教育理论与实践,教育事业，师范教育、教师教育,PKU Core,2023,509,21
中国教育科学(中英文),教育事业，师范教育、教师教育,PKU Core,2023,510,22
学校党建与思想教育,教育事业，师范教育、教师教育,PKU Core,2023,511,23
远程教育杂志,电化教育,PKU Core,2023,512,1
电化教育研究,电化教育,PKU Core,2023,513,2
开放教育研究,电化教育,PKU Core,2023,514,3
现代远程教育研究,电化教育,PKU Core,2023,515,4
中国电化教育,电化教育,PKU Core,2023,516,5
中国远程教育,电化教育,PKU Core,2023,517,6
学前教育研究,学前教育,PKU Core,2023,518,1
课程·教材·教法,初等中等教育,PKU Core,2023,519,1
教育科学研究,初等中等教育,PKU Core,2023,520,2
中国考试,初等中等教育,PKU Core,2023,521,3
天津师范大学学报.基础教育版,初等中等教育,PKU Core,2023,522,4
当代教育科学,初等中等教育,PKU Core,2023,523,5
基础教育,初等中等教育,PKU Core,2023,524,6
人民教育,初等中等教育,PKU Core,2023,525,7
上海教育科研,初等中等教育,PKU Core,2023,526,8
中小学管理,初等中等教育,PKU Core,2023,527,9
教学与管理,初等中等教育,PKU Core,2023,528,10
思想政治课教学,政治,PKU Core,2023,529,1
中学语文教学,语文,PKU Core,2023,530,1
语文建设,语文,PKU Core,2023,531,2
中小学英语教学与研究,外语,PKU Core,2023,532,1
中小学外语教学，中学篇,外语,PKU Core,2023,533,2
历史教学.上半月刊，注重教学研究,历史,PKU Core,2023,534,1
地理教学,地理,PKU Core,2023,535,1
数学教育学报,数学,PKU Core,2023,536,1
数学通报,数学,PKU Core,2023,537,2
物理教师,物理,PKU Core,2023,538,1
物理教学,物理,PKU Core,2023,539,2
化学教学,化学,PKU Core,2023,540,1
化学教育(中英文),化学,PKU Core,2023,541,2
生物学教学,生物,PKU Core,2023,542,1
中国高教研究,高等教育,PKU Core,2023,543,1
高等教育研究,高等教育,PKU Core,2023,544,2
高校教育管理,高等教育,PKU Core,2023,545,3
高等工程教育研究,高等教育,PKU Core,2023,546,4
国家教育行政学院学报,高等教育,PKU Core,2023,547,5
复旦教育论坛,高等教育,PKU Core,2023,548,6
江苏高教,高等教育,PKU Core,2023,549,7
学位与研究生教育,高等教育,PKU Core,2023,550,8
大学教育科学,高等教育,PKU Core,2023,551,9
现代大学教育,高等教育,PKU Core,2023,552,10
重庆高教研究,高等教育,PKU Core,2023,553,11
中国高等教育,高等教育,PKU Core,2023,554,12
中国大学教学,高等教育,PKU Core,2023,555,13
研究生教育研究,高等教育,PKU Core,2023,556,14
思想教育研究,高等教育,PKU Core,2023,557,15
高教探索,高等教育,PKU Core,2023,558,16
黑龙江高教研究,高等教育,PKU Core,2023,559,17
高教发展与评估,高等教育,PKU Core,2023,560,18
思想政治教育研究,高等教育,PKU Core,2023,561,19
中国职业技术教育,职业教育,PKU Core,2023,562,1
职教论坛,职业教育,PKU Core,2023,563,2
民族教育研究,职业教育,PKU Core,2023,564,3
教育与职业,职业教育,PKU Core,2023,565,4
职业技术教育,职业教育,PKU Core,2023,566,5
中国特殊教育,职业教育,PKU Core,2023,567,6
成人教育,职业教育,PKU Core,2023,568,7
体育科学,体育,PKU Core,2023,569,1
上海体育学院学报,体育,PKU Core,2023,570,2
北京体育大学学报,体育,PKU Core,2023,571,3
武汉体育学院学报,体育,PKU Core,2023,572,4
体育学研究,体育,PKU Core,2023,573,5
体育学刊,体育,PKU Core,2023,574,6
体育与科学,体育,PKU Core,2023,575,7
天津体育学院学报,体育,PKU Core,2023,576,8
中国体育科技,体育,PKU Core,2023,577,9
成都体育学院学报,体育,PKU Core,2023,578,10
西安体育学院学报,体育,PKU Core,2023,579,11
体育文化导刊,体育,PKU Core,2023,580,12
沈阳体育学院学报,体育,PKU Core,2023,581,13
首都体育学院学报,体育,PKU Core,2023,582,14
山东体育学院学报,体育,PKU Core,2023,583,15
广州体育学院学报,体育,PKU Core,2023,584,16
世界汉语教学,语言学，汉语，中国少数民族语言,PKU Core,2023,585,1
中国语文,语言学，汉语，中国少数民族语言,PKU Core,2023,586,2
语言教学与研究,语言学，汉语，中国少数民族语言,PKU Core,2023,587,3
中国翻译,语言学，汉语，中国少数民族语言,PKU Core,2023,588,4
当代语言学,语言学，汉语，中国少数民族语言,PKU Core,2023,589,5
当代修辞学,语言学，汉语，中国少数民族语言,PKU Core,2023,590,6
上海翻译,语言学，汉语，中国少数民族语言,PKU Core,2023,591,7
汉语学报,语言学，汉语，中国少数民族语言,PKU Core,2023,592,8
语言文字应用,语言学，汉语，中国少数民族语言,PKU Core,2023,593,9
语文研究,语言学，汉语，中国少数民族语言,PKU Core,2023,594,10
语言科学,语言学，汉语，中国少数民族语言,PKU Core,2023,595,11
汉语学习,语言学，汉语，中国少数民族语言,PKU Core,2023,596,12
语言战略研究,语言学，汉语，中国少数民族语言,PKU Core,2023,597,13
语言研究,语言学，汉语，中国少数民族语言,PKU Core,2023,598,14
方言,语言学，汉语，中国少数民族语言,PKU Core,2023,599,15
古汉语研究,语言学，汉语，中国少数民族语言,PKU Core,2023,600,16
民族语文,语言学，汉语，中国少数民族语言,PKU Core,2023,601,17
外语教学与研究,外国语言,PKU Core,2023,602,1
现代外语,外国语言,PKU Core,2023,603,2
外语界,外国语言,PKU Core,2023,604,3
中国外语,外国语言,PKU Core,2023,605,4
外国语,外国语言,PKU Core,2023,606,5
外语教学,外国语言,PKU Core,2023,607,6
外语与外语教学,外国语言,PKU Core,2023,608,7
外语电化教学,外国语言,PKU Core,2023,609,8
外语教学理论与实践,外国语言,PKU Core,2023,610,9
外语学刊,外国语言,PKU Core,2023,611,10
解放军外国语学院学报,外国语言,PKU Core,2023,612,11
外语研究,外国语言,PKU Core,2023,613,12
西安外国语大学学报,外国语言,PKU Core,2023,614,13
山东外语教学,外国语言,PKU Core,2023,615,14
外国语文,外国语言,PKU Core,2023,616,15
北京第二外国语学院学报,外国语言,PKU Core,2023,617,16
外语教育研究前沿,外国语言,PKU Core,2023,618,17
文学评论,文学,PKU Core,2023,619,1
中国现代文学研究丛刊,文学,PKU Core,2023,620,2
文学遗产,文学,PKU Core,2023,621,3
文艺理论研究,文学,PKU Core,2023,622,4
文艺争鸣,文学,PKU Core,2023,623,5
文艺研究,文学,PKU Core,2023,624,6
外国文学评论,文学,PKU Core,2023,625,7
外国文学研究,文学,PKU Core,2023,626,8
当代作家评论,文学,PKU Core,2023,627,9
外国文学,文学,PKU Core,2023,628,10
中国文学批评,文学,PKU Core,2023,629,11
扬子江文学评论,文学,PKU Core,2023,630,12
民族文学研究,文学,PKU Core,2023,631,13
中国文学研究(长沙),文学,PKU Core,2023,632,14
中国比较文学,文学,PKU Core,2023,633,15
南方文坛,文学,PKU Core,2023,634,16
小说评论,文学,PKU Core,2023,635,17
当代文坛,文学,PKU Core,2023,636,18
鲁迅研究月刊,文学,PKU Core,2023,637,19
文艺理论与批评,文学,PKU Core,2023,638,20
明清小说研究,文学,PKU Core,2023,639,21
国外文学,文学,PKU Core,2023,640,22
当代外国文学,文学,PKU Core,2023,641,23
红楼梦学刊,文学,PKU Core,2023,642,24
现代中文学刊,文学,PKU Core,2023,643,25
新文学史料,文学,PKU Core,2023,644,26
中国文化研究,文学,PKU Core,2023,645,27
中国当代文学研究,文学,PKU Core,2023,646,28
收获,文学作品,PKU Core,2023,647,1
花城,文学作品,PKU Core,2023,648,2
当代,文学作品,PKU Core,2023,649,3
人民文学,文学作品,PKU Core,2023,650,4
上海文学,文学作品,PKU Core,2023,651,5
十月,文学作品,PKU Core,2023,652,6
钟山,文学作品,PKU Core,2023,653,7
作家杂志,文学作品,PKU Core,2023,654,8
芙蓉,文学作品,PKU Core,2023,655,9
"北京文学,原创",文学作品,PKU Core,2023,656,10
江南,文学作品,PKU Core,2023,657,11
长城,文学作品,PKU Core,2023,658,12
长江文艺.原创,文学作品,PKU Core,2023,659,13
山花,文学作品,PKU Core,2023,660,14
民族艺术,艺术,PKU Core,2023,661,1
艺术百家,艺术,PKU Core,2023,662,2
美术研究,绘画雕塑工艺美术,PKU Core,2023,663,1
美术,绘画雕塑工艺美术,PKU Core,2023,664,2
艺术设计研究,绘画雕塑工艺美术,PKU Core,2023,665,3
南京艺术学院学报.美术与设计版,绘画雕塑工艺美术,PKU Core,2023,666,4
装饰,绘画雕塑工艺美术,PKU Core,2023,667,5
新美术,绘画雕塑工艺美术,PKU Core,2023,668,6
美术观察,绘画雕塑工艺美术,PKU Core,2023,669,7
书法研究,绘画雕塑工艺美术,PKU Core,2023,670,8
中国书法,绘画雕塑工艺美术,PKU Core,2023,671,9
音乐研究,音乐,PKU Core,2023,672,1
中央音乐学院学报,音乐,PKU Core,2023,673,2
音乐艺术,音乐,PKU Core,2023,674,3
中国音乐学,音乐,PKU Core,2023,675,4
中国音乐,音乐,PKU Core,2023,676,5
人民音乐,音乐,PKU Core,2023,677,6
星海音乐学院学报,音乐,PKU Core,2023,678,7
黄钟,音乐,PKU Core,2023,679,8
南京艺术学院学报.音乐与表演版,音乐,PKU Core,2023,680,9
音乐创作,音乐,PKU Core,2023,681,10
北京舞蹈学院学报,舞蹈,PKU Core,2023,682,1
戏剧艺术,戏剧,PKU Core,2023,683,1
戏剧,戏剧,PKU Core,2023,684,2
戏曲艺术,戏剧,PKU Core,2023,685,3
四川戏剧,戏剧,PKU Core,2023,686,4
戏剧文学,戏剧,PKU Core,2023,687,5
中国戏剧,戏剧,PKU Core,2023,688,6
电影艺术,电影电视,PKU Core,2023,689,1
当代电影,电影电视,PKU Core,2023,690,2
北京电影学院学报,电影电视,PKU Core,2023,691,3
电影新作,电影电视,PKU Core,2023,692,4
中国电视,电影电视,PKU Core,2023,693,5
世界电影,电影电视,PKU Core,2023,694,6
电影评介,电影电视,PKU Core,2023,695,7
电影文学,电影电视,PKU Core,2023,696,8
历史研究,历史,PKU Core,2023,697,1
近代史研究,历史,PKU Core,2023,698,2
清史研究,历史,PKU Core,2023,699,3
中国史研究,历史,PKU Core,2023,700,4
中国经济史研究,历史,PKU Core,2023,701,5
史学月刊,历史,PKU Core,2023,702,6
中国边疆史地研究,历史,PKU Core,2023,703,7
西域研究,历史,PKU Core,2023,704,8
史学集刊,历史,PKU Core,2023,705,9
世界历史,历史,PKU Core,2023,706,10
史林,历史,PKU Core,2023,707,11
史学理论研究,历史,PKU Core,2023,708,12
抗日战争研究,历史,PKU Core,2023,709,13
中国农史,历史,PKU Core,2023,710,14
史学史研究,历史,PKU Core,2023,711,15
安徽史学,历史,PKU Core,2023,712,16
中国社会经济史研究,历史,PKU Core,2023,713,17
文史,历史,PKU Core,2023,714,18
民俗研究,历史,PKU Core,2023,715,19
历史档案,历史,PKU Core,2023,716,20
当代中国史研究,历史,PKU Core,2023,717,21
中国藏学,历史,PKU Core,2023,718,22
党史研究与教学,历史,PKU Core,2023,719,23
文献,中国学、汉学,PKU Core,2023,720,1
中华文化论坛,中国学、汉学,PKU Core,2023,721,2
中国典籍与文化,中国学、汉学,PKU Core,2023,722,3
考古,考古,PKU Core,2023,723,1
考古学报,考古,PKU Core,2023,724,2
文物,考古,PKU Core,2023,725,3
考古与文物,考古,PKU Core,2023,726,4
中原文物,考古,PKU Core,2023,727,5
华夏考古,考古,PKU Core,2023,728,6
江汉考古,考古,PKU Core,2023,729,7
南方文物,考古,PKU Core,2023,730,8
敦煌研究,考古,PKU Core,2023,731,9
四川文物,考古,PKU Core,2023,732,10
东南文化,考古,PKU Core,2023,733,11
故宫博物院院刊,考古,PKU Core,2023,734,12
文物保护与考古科学,考古,PKU Core,2023,735,13
敦煌学辑刊,考古,PKU Core,2023,736,14
中国国家博物馆馆刊,考古,PKU Core,2023,737,15
北方文物,考古,PKU Core,2023,738,16
文博,考古,PKU Core,2023,739,17
农业考古,考古,PKU Core,2023,740,18
科学通报,综合理工农医类,PKU Core,2023,741,1
中国科学.技术科学,综合理工农医类,PKU Core,2023,742,2
中南大学学报.自然科学版,综合理工农医类,PKU Core,2023,743,3
北京大学学报.自然科学版,综合理工农医类,PKU Core,2023,744,4
西南交通大学学报,综合理工农医类,PKU Core,2023,745,5
同济大学学报.自然科学版,综合理工农医类,PKU Core,2023,746,6
工程科学学报,综合理工农医类,PKU Core,2023,747,7
中国工程科学,综合理工农医类,PKU Core,2023,748,8
哈尔滨工业大学学报,综合理工农医类,PKU Core,2023,749,9
浙江大学学报.工学版,综合理工农医类,PKU Core,2023,750,10
工程科学与技术,综合理工农医类,PKU Core,2023,751,11
西安交通大学学报,综合理工农医类,PKU Core,2023,752,12
清华大学学报.自然科学版,综合理工农医类,PKU Core,2023,753,13
应用基础与工程科学学报,综合理工农医类,PKU Core,2023,754,14
东南大学学报.自然科学版,综合理工农医类,PKU Core,2023,755,15
天津大学学报.自然科学与工程技术版,综合理工农医类,PKU Core,2023,756,16
河海大学学报.自然科学版,综合理工农医类,PKU Core,2023,757,17
华中科技大学学报.自然科学版,综合理工农医类,PKU Core,2023,758,18
湖南大学学报.自然科学版,综合理工农医类,PKU Core,2023,759,19
北京师范大学学报.自然科学版,综合理工农医类,PKU Core,2023,760,20
上海交通大学学报,综合理工农医类,PKU Core,2023,761,21
吉林大学学报.工学版,综合理工农医类,PKU Core,2023,762,22
哈尔滨工程大学学报,综合理工农医类,PKU Core,2023,763,23
北京工业大学学报,综合理工农医类,PKU Core,2023,764,24
兰州大学学报.自然科学版,综合理工农医类,PKU Core,2023,765,25
北京理工大学学报,综合理工农医类,PKU Core,2023,766,26
华南理工大学学报.自然科学版,综合理工农医类,PKU Core,2023,767,27
南京大学学报.自然科学,综合理工农医类,PKU Core,2023,768,28
东北大学学报.自然科学版,综合理工农医类,PKU Core,2023,769,29
江苏大学学报.自然科学版,综合理工农医类,PKU Core,2023,770,30
西北大学学报.自然科学版,综合理工农医类,PKU Core,2023,771,31
西北工业大学学报,综合理工农医类,PKU Core,2023,772,32
重庆大学学报,综合理工农医类,PKU Core,2023,773,33
中山大学学报.自然科学版(中英文)（曾用名：中山大学学报.自然科学版）,综合理工农医类,PKU Core,2023,774,34
国防科技大学学报,综合理工农医类,PKU Core,2023,775,35
云南大学学报.自然科学版,综合理工农医类,PKU Core,2023,776,36
中国科学院大学学报,综合理工农医类,PKU Core,2023,777,37
北京交通大学学报,综合理工农医类,PKU Core,2023,778,38
南京理工大学学报,综合理工农医类,PKU Core,2023,779,39
大连理工大学学报,综合理工农医类,PKU Core,2023,780,40
西南大学学报，自然科学版,综合理工农医类,PKU Core,2023,781,41
应用科学学报,综合理工农医类,PKU Core,2023,782,42
武汉大学学报.理学版,综合理工农医类,PKU Core,2023,783,43
浙江大学学报.理学版,综合理工农医类,PKU Core,2023,784,44
厦门大学学报.自然科学版,综合理工农医类,PKU Core,2023,785,45
贵州师范大学学报.自然科学版,综合理工农医类,PKU Core,2023,786,46
武汉大学学报.工学版,综合理工农医类,PKU Core,2023,787,47
深圳大学学报.理工版,综合理工农医类,PKU Core,2023,788,48
四川大学学报.自然科学版,综合理工农医类,PKU Core,2023,789,49
华东理工大学学报.自然科学版,综合理工农医类,PKU Core,2023,790,50
山西农业大学学报.自然科学版,综合理工农医类,PKU Core,2023,791,51
华北水利水电大学学报.自然科学版,综合理工农医类,PKU Core,2023,792,52
复旦学报.自然科学版,综合理工农医类,PKU Core,2023,793,53
山东大学学报.工学版,综合理工农医类,PKU Core,2023,794,54
陕西师范大学学报.自然科学版,综合理工农医类,PKU Core,2023,795,55
华东师范大学学报.自然科学版,综合理工农医类,PKU Core,2023,796,56
空军工程大学学报（曾用名：空军工程大学学报.自然科学版）,综合理工农医类,PKU Core,2023,797,57
华中师范大学学报.自然科学版,综合理工农医类,PKU Core,2023,798,58
重庆理工大学学报.自然科学版,综合理工农医类,PKU Core,2023,799,59
广西科学,综合理工农医类,PKU Core,2023,800,60
燕山大学学报,综合理工农医类,PKU Core,2023,801,61
西安科技大学学报,综合理工农医类,PKU Core,2023,802,62
山东科技大学学报，自然科学版,综合理工农医类,PKU Core,2023,803,63
东华理工大学学报。自然科学版,综合理工农医类,PKU Core,2023,804,64
暨南大学学报.自然科学与医学版,综合理工农医类,PKU Core,2023,805,65
北京化工大学学报·自然科学版,综合理工农医类,PKU Core,2023,806,66
上海大学学报.自然科学版,综合理工农医类,PKU Core,2023,807,67
石河子大学学报.自然科学版,综合理工农医类,PKU Core,2023,808,68
山东大学学报.理学版,综合理工农医类,PKU Core,2023,809,69
桂林理工大学学报,综合理工农医类,PKU Core,2023,810,70
河南理工大学学报.自然科学版,综合理工农医类,PKU Core,2023,811,71
吉林大学学报.理学版,综合理工农医类,PKU Core,2023,812,72
武汉科技大学学报,综合理工农医类,PKU Core,2023,813,73
南京师大学报.自然科学版,综合理工农医类,PKU Core,2023,814,74
郑州大学学报.工学版,综合理工农医类,PKU Core,2023,815,75
合肥工业大学学报.自然科学版,综合理工农医类,PKU Core,2023,816,76
浙江工业大学学报,综合理工农医类,PKU Core,2023,817,77
科学技术与工程,综合理工农医类,PKU Core,2023,818,78
河南科技大学学报.自然科学版,综合理工农医类,PKU Core,2023,819,79
南京信息工程大学学报.自然科学版,综合理工农医类,PKU Core,2023,820,80
太原理工大学学报,综合理工农医类,PKU Core,2023,821,81
沈阳工业大学学报,综合理工农医类,PKU Core,2023,822,82
南京工业大学学报.自然科学版,综合理工农医类,PKU Core,2023,823,83
河南师范大学学报.自然科学版,综合理工农医类,PKU Core,2023,824,84
华南师范大学学报.自然科学版,综合理工农医类,PKU Core,2023,825,85
广西大学学报.自然科学版,综合理工农医类,PKU Core,2023,826,86
广西师范大学学报.自然科学版,综合理工农医类,PKU Core,2023,827,87
郑州大学学报.理学版,综合理工农医类,PKU Core,2023,828,88
福州大学学报.自然科学版,综合理工农医类,PKU Core,2023,829,89
河北科技大学学报,综合理工农医类,PKU Core,2023,830,90
高技术通讯,综合理工农医类,PKU Core,2023,831,91
河北大学学报·自然科学版,综合理工农医类,PKU Core,2023,832,92
天津工业大学学报,综合理工农医类,PKU Core,2023,833,93
三峡大学学报.自然科学版,综合理工农医类,PKU Core,2023,834,94
哈尔滨理工大学学报,综合理工农医类,PKU Core,2023,835,95
福建师范大学学报.自然科学版,综合理工农医类,PKU Core,2023,836,96
昆明理工大学学报.自然科学版,综合理工农医类,PKU Core,2023,837,97
天津师范大学学报.自然科学版,综合理工农医类,PKU Core,2023,838,98
兰州理工大学学报,综合理工农医类,PKU Core,2023,839,99
内蒙古农业大学学报.自然科学版,综合理工农医类,PKU Core,2023,840,100
西安理工大学学报,综合理工农医类,PKU Core,2023,841,101
山东农业大学学报.自然科学版,综合理工农医类,PKU Core,2023,842,102
江西师范大学学报.自然科学版,综合理工农医类,PKU Core,2023,843,103
湖南师范大学自然科学学报,综合理工农医类,PKU Core,2023,844,104
重庆师范大学学报.自然科学版,综合理工农医类,PKU Core,2023,845,105
东北师大学报.自然科学版,综合理工农医类,PKU Core,2023,846,106
上海理工大学学报,综合理工农医类,PKU Core,2023,847,107
南开大学学报.自然科学版,综合理工农医类,PKU Core,2023,848,108
济南大学学报.自然科学版,综合理工农医类,PKU Core,2023,849,109
辽宁工程技术大学学报.自然科学版,综合理工农医类,PKU Core,2023,850,110
海军工程大学学报,综合理工农医类,PKU Core,2023,851,111
安徽大学学报.自然科学版,综合理工农医类,PKU Core,2023,852,112
河南大学学报.自然科学版,综合理工农医类,PKU Core,2023,853,113
西南师范大学学报.自然科学版,综合理工农医类,PKU Core,2023,854,114
山西大学学报.自然科学版,综合理工农医类,PKU Core,2023,855,115
湖南科技大学学报.自然科学版,综合理工农医类,PKU Core,2023,856,116
中国科学技术大学学报,综合理工农医类,PKU Core,2023,857,117
自然辩证法研究,自然科学总论,PKU Core,2023,858,1
自然科学史研究,自然科学总论,PKU Core,2023,859,2
系统工程理论与实践,自然科学总论,PKU Core,2023,860,3
自然辩证法通讯,自然科学总论,PKU Core,2023,861,4
科学技术哲学研究,自然科学总论,PKU Core,2023,862,5
中国科技史杂志,自然科学总论,PKU Core,2023,863,6
中国科学院院刊,自然科学总论,PKU Core,2023,864,7
系统科学学报,自然科学总论,PKU Core,2023,865,8
中国科学基金,自然科学总论,PKU Core,2023,866,9
系统管理学报,自然科学总论,PKU Core,2023,867,10
科普研究,自然科学总论,PKU Core,2023,868,11
系统工程,自然科学总论,PKU Core,2023,869,12
复杂系统与复杂性科学,自然科学总论,PKU Core,2023,870,13
系统工程学报,自然科学总论,PKU Core,2023,871,14
实验室研究与探索,自然科学总论,PKU Core,2023,872,15
科技导报,自然科学总论,PKU Core,2023,873,16
实验技术与管理,自然科学总论,PKU Core,2023,874,17
数学学报,数学,PKU Core,2023,875,1
中国科学.数学,数学,PKU Core,2023,876,2
应用数学学报,数学,PKU Core,2023,877,3
数学物理学报,数学,PKU Core,2023,878,4
系统科学与数学,数学,PKU Core,2023,879,5
高校应用数学学报.A辑,数学,PKU Core,2023,880,6
应用数学,数学,PKU Core,2023,881,7
数学年刊.A辑,数学,PKU Core,2023,882,8
应用概率统计,数学,PKU Core,2023,883,9
数学进展,数学,PKU Core,2023,884,10
运筹学学报,数学,PKU Core,2023,885,11
模糊系统与数学,数学,PKU Core,2023,886,12
计算数学,数学,PKU Core,2023,887,13
工程数学学报,数学,PKU Core,2023,888,14
数学的实践与认识,数学,PKU Core,2023,889,15
力学学报,力学,PKU Core,2023,890,1
爆炸与冲击,力学,PKU Core,2023,891,2
振动与冲击,力学,PKU Core,2023,892,3
工程力学,力学,PKU Core,2023,893,4
固体力学学报,力学,PKU Core,2023,894,5
计算力学学报,力学,PKU Core,2023,895,6
振动工程学报,力学,PKU Core,2023,896,7
力学季刊,力学,PKU Core,2023,897,8
应用数学和力学,力学,PKU Core,2023,898,9
应用力学学报,力学,PKU Core,2023,899,10
实验力学,力学,PKU Core,2023,900,11
力学进展,力学,PKU Core,2023,901,12
光学学报,物理学,PKU Core,2023,902,1
物理学报,物理学,PKU Core,2023,903,2
中国激光,物理学,PKU Core,2023,904,3
中国光学(中英文)（曾用名：中国光学）,物理学,PKU Core,2023,905,4
光子学报,物理学,PKU Core,2023,906,5
光谱学与光谱分析,物理学,PKU Core,2023,907,6
发光学报,物理学,PKU Core,2023,908,7
中国科学.物理学 力学 天文学,物理学,PKU Core,2023,909,8
声学学报,物理学,PKU Core,2023,910,9
物理学进展,物理学,PKU Core,2023,911,10
原子核物理评论,物理学,PKU Core,2023,912,11
量子电子学报,物理学,PKU Core,2023,913,12
量子光学学报,物理学,PKU Core,2023,914,13
强激光与粒子束,物理学,PKU Core,2023,915,14
原子与分子物理学报,物理学,PKU Core,2023,916,15
物理,物理学,PKU Core,2023,917,16
计算物理,物理学,PKU Core,2023,918,17
高压物理学报,物理学,PKU Core,2023,919,18
光散射学报,物理学,PKU Core,2023,920,19
化学学报,化学,PKU Core,2023,921,1
分析化学,化学,PKU Core,2023,922,2
色谱,化学,PKU Core,2023,923,3
有机化学,化学,PKU Core,2023,924,4
分析测试学报,化学,PKU Core,2023,925,5
物理化学学报,化学,PKU Core,2023,926,6
化学进展,化学,PKU Core,2023,927,7
高等学校化学学报,化学,PKU Core,2023,928,8
分析试验室,化学,PKU Core,2023,929,9
中国科学.化学,化学,PKU Core,2023,930,10
质谱学报,化学,PKU Core,2023,931,11
无机化学学报,化学,PKU Core,2023,932,12
理化检验.化学分册,化学,PKU Core,2023,933,13
分子催化,化学,PKU Core,2023,934,14
分析科学学报,化学,PKU Core,2023,935,15
化学研究与应用,化学,PKU Core,2023,936,16
功能高分子学报,化学,PKU Core,2023,937,17
化学通报,化学,PKU Core,2023,938,18
中国无机分析化学,化学,PKU Core,2023,939,19
人工晶体学报,化学,PKU Core,2023,940,20
天文学报,天文学,PKU Core,2023,941,1
天文学进展,天文学,PKU Core,2023,942,2
测绘学报,测绘学,PKU Core,2023,943,1
武汉大学学报.信息科学版,测绘学,PKU Core,2023,944,2
测绘通报,测绘学,PKU Core,2023,945,3
遥感学报,测绘学,PKU Core,2023,946,4
测绘科学,测绘学,PKU Core,2023,947,5
地球信息科学学报,测绘学,PKU Core,2023,948,6
大地测量与地球动力学,测绘学,PKU Core,2023,949,7
导航定位学报,测绘学,PKU Core,2023,950,8
海洋测绘,测绘学,PKU Core,2023,951,9
地球物理学报,地球物理,PKU Core,2023,952,1
地震地质,地球物理,PKU Core,2023,953,2
地震学报,地球物理,PKU Core,2023,954,3
地震研究,地球物理,PKU Core,2023,955,4
地震,地球物理,PKU Core,2023,956,5
中国地震,地球物理,PKU Core,2023,957,6
地震工程学报,地球物理,PKU Core,2023,958,7
地球物理学进展,地球物理,PKU Core,2023,959,8
震灾防御技术,地球物理,PKU Core,2023,960,9
水文,地球物理,PKU Core,2023,961,10
气象学报,气象,PKU Core,2023,962,1
大气科学,气象,PKU Core,2023,963,2
高原气象,气象,PKU Core,2023,964,3
应用气象学报,气象,PKU Core,2023,965,4
气象,气象,PKU Core,2023,966,5
气候变化研究进展,气象,PKU Core,2023,967,6
大气科学学报,气象,PKU Core,2023,968,7
热带气象学报,气象,PKU Core,2023,969,8
气候与环境研究,气象,PKU Core,2023,970,9
岩石学报,地质,PKU Core,2023,971,1
地质学报,地质,PKU Core,2023,972,2
地学前缘,地质,PKU Core,2023,973,3
地球科学,地质,PKU Core,2023,974,4
中国地质,地质,PKU Core,2023,975,5
地质论评,地质,PKU Core,2023,976,6
中国科学.地球科学,地质,PKU Core,2023,977,7
矿床地质,地质,PKU Core,2023,978,8
地球学报,地质,PKU Core,2023,979,9
大地构造与成矿学,地质,PKU Core,2023,980,10
古地理学报,地质,PKU Core,2023,981,11
地质通报,地质,PKU Core,2023,982,12
沉积学报,地质,PKU Core,2023,983,13
地质力学学报,地质,PKU Core,2023,984,14
地质科技通报,地质,PKU Core,2023,985,15
岩石矿物学杂志,地质,PKU Core,2023,986,16
矿物岩石地球化学通报,地质,PKU Core,2023,987,17
现代地质,地质,PKU Core,2023,988,18
地球化学,地质,PKU Core,2023,989,19
矿物学报,地质,PKU Core,2023,990,20
吉林大学学报.地球科学版,地质,PKU Core,2023,991,21
地质与勘探,地质,PKU Core,2023,992,22
第四纪研究,地质,PKU Core,2023,993,23
高校地质学报,地质,PKU Core,2023,994,24
沉积与特提斯地质,地质,PKU Core,2023,995,25
地层学杂志,地质,PKU Core,2023,996,26
地球科学与环境学报,地质,PKU Core,2023,997,27
西北地质,地质,PKU Core,2023,998,28
矿物岩石,地质,PKU Core,2023,999,29
地质科学,地质,PKU Core,2023,1000,30
水文地质工程地质,地质,PKU Core,2023,1001,31
岩矿测试,地质,PKU Core,2023,1002,32
海洋学报,海洋学,PKU Core,2023,1003,1
海洋地质与第四纪地质,海洋学,PKU Core,2023,1004,2
海洋通报,海洋学,PKU Core,2023,1005,3
热带海洋学报,海洋学,PKU Core,2023,1006,4
海洋科学进展,海洋学,PKU Core,2023,1007,5
海洋与湖沼,海洋学,PKU Core,2023,1008,6
海洋地质前沿,海洋学,PKU Core,2023,1009,7
海洋预报,海洋学,PKU Core,2023,1010,8
应用海洋学学报,海洋学,PKU Core,2023,1011,9
海洋工程,海洋学,PKU Core,2023,1012,10
海洋科学,海洋学,PKU Core,2023,1013,11
中国海洋大学学报.自然科学版,海洋学,PKU Core,2023,1014,12
海洋学研究,海洋学,PKU Core,2023,1015,13
极地研究,海洋学,PKU Core,2023,1016,14
海洋湖沼通报,海洋学,PKU Core,2023,1017,15
地理学报,地理学,PKU Core,2023,1018,1
地理研究,地理学,PKU Core,2023,1019,2
地理科学进展,地理学,PKU Core,2023,1020,3
地理科学,地理学,PKU Core,2023,1021,4
经济地理,地理学,PKU Core,2023,1022,5
人文地理,地理学,PKU Core,2023,1023,6
中国沙漠,地理学,PKU Core,2023,1024,7
世界地理研究,地理学,PKU Core,2023,1025,8
地域研究与开发,地理学,PKU Core,2023,1026,9
热带地理,地理学,PKU Core,2023,1027,10
中国历史地理论丛,地理学,PKU Core,2023,1028,11
干旱区地理,地理学,PKU Core,2023,1029,12
山地学报,地理学,PKU Core,2023,1030,13
地球科学进展,地理学,PKU Core,2023,1031,14
干旱区资源与环境,地理学,PKU Core,2023,1032,15
地理与地理信息科学,地理学,PKU Core,2023,1033,16
干旱区研究,地理学,PKU Core,2023,1034,17
湖泊科学,地理学,PKU Core,2023,1035,18
湿地科学,地理学,PKU Core,2023,1036,19
中国岩溶,地理学,PKU Core,2023,1037,20
生态学报,生物科学,PKU Core,2023,1038,1
生物多样性,生物科学,PKU Core,2023,1039,2
应用生态学报,生物科学,PKU Core,2023,1040,3
生态学杂志,生物科学,PKU Core,2023,1041,4
遗传,生物科学,PKU Core,2023,1042,5
应用与环境生物学报,生物科学,PKU Core,2023,1043,6
微生物学通报,生物科学,PKU Core,2023,1044,7
水生生物学报,生物科学,PKU Core,2023,1045,8
微生物学报,生物科学,PKU Core,2023,1046,9
中国科学.生命科学,生物科学,PKU Core,2023,1047,10
生物工程学报,生物科学,PKU Core,2023,1048,11
古生物学报,生物科学,PKU Core,2023,1049,12
生物技术通报,生物科学,PKU Core,2023,1050,13
古脊椎动物学报(中英文),生物科学,PKU Core,2023,1051,14
生态科学,生物科学,PKU Core,2023,1052,15
微体古生物学报,生物科学,PKU Core,2023,1053,16
生物学杂志,生物科学,PKU Core,2023,1054,17
中国生物工程杂志,生物科学,PKU Core,2023,1055,18
合成生物学,生物科学,PKU Core,2023,1056,19
微生物学杂志,生物科学,PKU Core,2023,1057,20
生物化学与生物物理进展,生物科学,PKU Core,2023,1058,21
中国生物化学与分子生物学报,生物科学,PKU Core,2023,1059,22
基因组学与应用生物学,生物科学,PKU Core,2023,1060,23
植物生态学报,植物学,PKU Core,2023,1061,1
西北植物学报,植物学,PKU Core,2023,1062,2
植物科学学报,植物学,PKU Core,2023,1063,3
植物学报(2009-）,植物学,PKU Core,2023,1064,4
植物生理学报,植物学,PKU Core,2023,1065,5
植物研究,植物学,PKU Core,2023,1066,6
广西植物,植物学,PKU Core,2023,1067,7
植物资源与环境学报,植物学,PKU Core,2023,1068,8
热带亚热带植物学报,植物学,PKU Core,2023,1069,9
菌物学报,植物学,PKU Core,2023,1070,10
兽类学报,动物学,PKU Core,2023,1071,1
昆虫学报,动物学,PKU Core,2023,1072,2
人类学学报,动物学,PKU Core,2023,1073,3
应用昆虫学报,动物学,PKU Core,2023,1074,4
动物学杂志,动物学,PKU Core,2023,1075,5
四川动物,动物学,PKU Core,2023,1076,6
野生动物学报,动物学,PKU Core,2023,1077,7
中国实验动物学报,动物学,PKU Core,2023,1078,8
中华医学杂志,综合医学,PKU Core,2023,1079,1
解放军医学杂志,综合医学,PKU Core,2023,1080,2
南方医科大学学报,综合医学,PKU Core,2023,1081,3
北京大学学报.医学版,综合医学,PKU Core,2023,1082,4
中国全科医学,综合医学,PKU Core,2023,1083,5
中国医学科学院学报,综合医学,PKU Core,2023,1084,6
中南大学学报.医学版,综合医学,PKU Core,2023,1085,7
海军军医大学学报(曾用名：第二军医大学学报),综合医学,PKU Core,2023,1086,8
吉林大学学报.医学版,综合医学,PKU Core,2023,1087,9
复旦学报.医学版,综合医学,PKU Core,2023,1088,10
协和医学杂志,综合医学,PKU Core,2023,1089,11
浙江大学学报.医学版,综合医学,PKU Core,2023,1090,12
四川大学学报.医学版,综合医学,PKU Core,2023,1091,13
西安交通大学学报.医学版,综合医学,PKU Core,2023,1092,14
上海交通大学学报.医学版,综合医学,PKU Core,2023,1093,15
郑州大学学报.医学版,综合医学,PKU Core,2023,1094,16
陆军军医大学学报（曾用名：第三军医大学学报）,综合医学,PKU Core,2023,1095,17
实用医学杂志,综合医学,PKU Core,2023,1096,18
中山大学学报.医学科学版,综合医学,PKU Core,2023,1097,19
医药导报,综合医学,PKU Core,2023,1098,20
华中科技大学学报.医学版,综合医学,PKU Core,2023,1099,21
医学研究与战创伤救治（曾用名：医学研究生学报）,综合医学,PKU Core,2023,1100,22
海南医学院学报,综合医学,PKU Core,2023,1101,23
中国比较医学杂志,综合医学,PKU Core,2023,1102,24
首都医科大学学报,综合医学,PKU Core,2023,1103,25
山东大学学报.医学版,综合医学,PKU Core,2023,1104,26
安徽医科大学学报,综合医学,PKU Core,2023,1105,27
南京医科大学学报.自然科学版,综合医学,PKU Core,2023,1106,28
中国医科大学学报,综合医学,PKU Core,2023,1107,29
中国医学前沿杂志(电子版),综合医学,PKU Core,2023,1108,30
重庆医科大学学报,综合医学,PKU Core,2023,1109,31
医学与哲学,医学理论与教育普及,PKU Core,2023,1110,1
中国医学伦理学,医学理论与教育普及,PKU Core,2023,1111,2
医学与社会,医学理论与教育普及,PKU Core,2023,1112,3
中华流行病学杂志,预防医学、卫生学,PKU Core,2023,1113,1
中华预防医学杂志,预防医学、卫生学,PKU Core,2023,1114,2
中国卫生政策研究,预防医学、卫生学,PKU Core,2023,1115,3
中华疾病控制杂志,预防医学、卫生学,PKU Core,2023,1116,4
中国公共卫生,预防医学、卫生学,PKU Core,2023,1117,5
中国感染控制杂志,预防医学、卫生学,PKU Core,2023,1118,6
中国卫生经济,预防医学、卫生学,PKU Core,2023,1119,7
卫生经济研究,预防医学、卫生学,PKU Core,2023,1120,8
中国疫苗和免疫,预防医学、卫生学,PKU Core,2023,1121,9
中国卫生资源,预防医学、卫生学,PKU Core,2023,1122,10
中国医院管理,预防医学、卫生学,PKU Core,2023,1123,11
中国卫生统计,预防医学、卫生学,PKU Core,2023,1124,12
中国艾滋病性病,预防医学、卫生学,PKU Core,2023,1125,13
疾病监测,预防医学、卫生学,PKU Core,2023,1126,14
现代预防医学,预防医学、卫生学,PKU Core,2023,1127,15
中华医院管理杂志,预防医学、卫生学,PKU Core,2023,1128,16
营养学报,预防医学、卫生学,PKU Core,2023,1129,17
中国慢性病预防与控制,预防医学、卫生学,PKU Core,2023,1130,18
环境与职业医学,预防医学、卫生学,PKU Core,2023,1131,19
中国卫生事业管理,预防医学、卫生学,PKU Core,2023,1132,20
卫生研究,预防医学、卫生学,PKU Core,2023,1133,21
中华健康管理学杂志,预防医学、卫生学,PKU Core,2023,1134,22
中国健康教育,预防医学、卫生学,PKU Core,2023,1135,23
中国食品卫生杂志,预防医学、卫生学,PKU Core,2023,1136,24
中国儿童保健杂志,预防医学、卫生学,PKU Core,2023,1137,25
中国学校卫生,预防医学、卫生学,PKU Core,2023,1138,26
中国热带医学,预防医学、卫生学,PKU Core,2023,1139,27
中华劳动卫生职业病杂志,预防医学、卫生学,PKU Core,2023,1140,28
中国医院,预防医学、卫生学,PKU Core,2023,1141,29
中国中药杂志,中国医学,PKU Core,2023,1142,1
中草药,中国医学,PKU Core,2023,1143,2
中国实验方剂学杂志,中国医学,PKU Core,2023,1144,3
中医杂志,中国医学,PKU Core,2023,1145,4
针刺研究,中国医学,PKU Core,2023,1146,5
中华中医药杂志,中国医学,PKU Core,2023,1147,6
中国中西医结合杂志,中国医学,PKU Core,2023,1148,7
中国针灸,中国医学,PKU Core,2023,1149,8
中成药,中国医学,PKU Core,2023,1150,9
中华中医药学刊,中国医学,PKU Core,2023,1151,10
北京中医药大学学报,中国医学,PKU Core,2023,1152,11
中药新药与临床药理,中国医学,PKU Core,2023,1153,12
中药药理与临床,中国医学,PKU Core,2023,1154,13
中药材,中国医学,PKU Core,2023,1155,14
南京中医药大学学报,中国医学,PKU Core,2023,1156,15
时珍国医国药,中国医学,PKU Core,2023,1157,16
天然产物研究与开发,中国医学,PKU Core,2023,1158,17
世界科学技术.中医药现代化,中国医学,PKU Core,2023,1159,18
世界中医药,中国医学,PKU Core,2023,1160,19
辽宁中医杂志,中国医学,PKU Core,2023,1161,20
中国临床心理学杂志,基础医学,PKU Core,2023,1162,1
中国寄生虫学与寄生虫病杂志,基础医学,PKU Core,2023,1163,2
中国心理卫生杂志,基础医学,PKU Core,2023,1164,3
中国病理生理杂志,基础医学,PKU Core,2023,1165,4
中国免疫学杂志,基础医学,PKU Core,2023,1166,5
医用生物力学,基础医学,PKU Core,2023,1167,6
生理学报,基础医学,PKU Core,2023,1168,7
中国生物医学工程学报,基础医学,PKU Core,2023,1169,8
细胞与分子免疫学杂志,基础医学,PKU Core,2023,1170,9
生理科学进展,基础医学,PKU Core,2023,1171,10
中国人兽共患病学报,基础医学,PKU Core,2023,1172,11
中国病原生物学杂志,基础医学,PKU Core,2023,1173,12
生物医学工程学杂志,基础医学,PKU Core,2023,1174,13
中华微生物学和免疫学杂志,基础医学,PKU Core,2023,1175,14
病毒学报,基础医学,PKU Core,2023,1176,15
神经解剖学杂志,基础医学,PKU Core,2023,1177,16
中国临床解剖学杂志,基础医学,PKU Core,2023,1178,17
国际病毒学杂志,基础医学,PKU Core,2023,1179,18
中国微生态学杂志,基础医学,PKU Core,2023,1180,19
中华护理杂志,临床医学,PKU Core,2023,1181,1
护理学杂志,临床医学,PKU Core,2023,1182,2
中国护理管理,临床医学,PKU Core,2023,1183,3
中华危重病急救医学,临床医学,PKU Core,2023,1184,4
中国康复医学杂志,临床医学,PKU Core,2023,1185,5
中华超声影像学杂志,临床医学,PKU Core,2023,1186,6
中华病理学杂志,临床医学,PKU Core,2023,1187,7
中国医学影像技术,临床医学,PKU Core,2023,1188,8
中国组织工程研究,临床医学,PKU Core,2023,1189,9
中国康复理论与实践,临床医学,PKU Core,2023,1190,10
中华医院感染学杂志,临床医学,PKU Core,2023,1191,11
护理研究,临床医学,PKU Core,2023,1192,12
中国超声医学杂志,临床医学,PKU Core,2023,1193,13
中华物理医学与康复杂志,临床医学,PKU Core,2023,1194,14
中华急诊医学杂志,临床医学,PKU Core,2023,1195,15
中国感染与化疗杂志,临床医学,PKU Core,2023,1196,16
中华临床感染病杂志,临床医学,PKU Core,2023,1197,17
中华检验医学杂志,临床医学,PKU Core,2023,1198,18
中国医学影像学杂志,临床医学,PKU Core,2023,1199,19
中华医学超声杂志(电子版),临床医学,PKU Core,2023,1200,20
中国循证医学杂志,临床医学,PKU Core,2023,1201,21
军事护理（曾用名：解放军护理杂志）,临床医学,PKU Core,2023,1202,22
中国疼痛医学杂志,临床医学,PKU Core,2023,1203,23
磁共振成像,临床医学,PKU Core,2023,1204,24
临床与实验病理学杂志,临床医学,PKU Core,2023,1205,25
中华临床营养杂志,临床医学,PKU Core,2023,1206,26
中国循环杂志,内科学,PKU Core,2023,1207,1
中华结核和呼吸杂志,内科学,PKU Core,2023,1208,2
中华内科杂志,内科学,PKU Core,2023,1209,3
中华心血管病杂志,内科学,PKU Core,2023,1210,4
中华糖尿病杂志,内科学,PKU Core,2023,1211,5
中华血液学杂志,内科学,PKU Core,2023,1212,6
中华肝脏病杂志,内科学,PKU Core,2023,1213,7
中华内分泌代谢杂志,内科学,PKU Core,2023,1214,8
中国血吸虫病防治杂志,内科学,PKU Core,2023,1215,9
中国实用内科杂志,内科学,PKU Core,2023,1216,10
中国老年学杂志,内科学,PKU Core,2023,1217,11
中华消化杂志,内科学,PKU Core,2023,1218,12
中华传染病杂志,内科学,PKU Core,2023,1219,13
中华肾脏病杂志,内科学,PKU Core,2023,1220,14
临床肝胆病杂志,内科学,PKU Core,2023,1221,15
中国心血管杂志,内科学,PKU Core,2023,1222,16
中国防痨杂志,内科学,PKU Core,2023,1223,17
肠外与肠内营养,内科学,PKU Core,2023,1224,18
中国实验血液学杂志,内科学,PKU Core,2023,1225,19
中国糖尿病杂志,内科学,PKU Core,2023,1226,20
中华老年医学杂志,内科学,PKU Core,2023,1227,21
中华高血压杂志,内科学,PKU Core,2023,1228,22
中华消化内镜杂志,内科学,PKU Core,2023,1229,23
中华地方病学杂志,内科学,PKU Core,2023,1230,24
中华外科杂志,外科,PKU Core,2023,1231,1
中华骨科杂志,外科,PKU Core,2023,1232,2
中国实用外科杂志,外科,PKU Core,2023,1233,3
中华消化外科杂志,外科,PKU Core,2023,1234,4
中华胃肠外科杂志,外科,PKU Core,2023,1235,5
中华骨质疏松和骨矿盐疾病杂志,外科,PKU Core,2023,1236,6
中华创伤骨科杂志,外科,PKU Core,2023,1237,7
中华显微外科杂志,外科,PKU Core,2023,1238,8
中国修复重建外科杂志,外科,PKU Core,2023,1239,9
中国脊柱脊髓杂志,外科,PKU Core,2023,1240,10
中华泌尿外科杂志,外科,PKU Core,2023,1241,11
中国骨质疏松杂志,外科,PKU Core,2023,1242,12
中华创伤杂志,外科,PKU Core,2023,1243,13
中华肝胆外科杂志,外科,PKU Core,2023,1244,14
中国普通外科杂志,外科,PKU Core,2023,1245,15
器官移植,外科,PKU Core,2023,1246,16
中华神经外科杂志,外科,PKU Core,2023,1247,17
中华烧伤与创面修复杂志（曾用名：中华烧伤杂志）,外科,PKU Core,2023,1248,18
中国矫形外科杂志,外科,PKU Core,2023,1249,19
中国微创外科杂志,外科,PKU Core,2023,1250,20
中华骨与关节外科杂志,外科,PKU Core,2023,1251,21
中华手外科杂志,外科,PKU Core,2023,1252,22
临床麻醉学杂志,外科,PKU Core,2023,1253,23
中华整形外科杂志,外科,PKU Core,2023,1254,24
中华麻醉学杂志,外科,PKU Core,2023,1255,25
中华普通外科杂志,外科,PKU Core,2023,1256,26
中国胸心血管外科临床杂志,外科,PKU Core,2023,1257,27
中华妇产科杂志,妇科,PKU Core,2023,1258,1
中国实用妇科与产科杂志,妇科,PKU Core,2023,1259,2
中华围产医学杂志,妇科,PKU Core,2023,1260,3
中华生殖与避孕杂志,妇科,PKU Core,2023,1261,4
实用妇产科杂志,妇科,PKU Core,2023,1262,5
中国妇产科临床杂志,妇科,PKU Core,2023,1263,6
中华儿科杂志,儿科,PKU Core,2023,1264,1
中华实用儿科临床杂志,儿科,PKU Core,2023,1265,2
中国当代儿科杂志,儿科,PKU Core,2023,1266,3
中国实用儿科杂志,儿科,PKU Core,2023,1267,4
中华小儿外科杂志,儿科,PKU Core,2023,1268,5
中国循证儿科杂志,儿科,PKU Core,2023,1269,6
临床儿科杂志,儿科,PKU Core,2023,1270,7
临床小儿外科杂志,儿科,PKU Core,2023,1271,8
中华肿瘤杂志,肿瘤学,PKU Core,2023,1272,1
中国肿瘤,肿瘤学,PKU Core,2023,1273,2
中国癌症杂志,肿瘤学,PKU Core,2023,1274,3
中国肺癌杂志,肿瘤学,PKU Core,2023,1275,4
中国肿瘤临床,肿瘤学,PKU Core,2023,1276,5
中华放射肿瘤学杂志,肿瘤学,PKU Core,2023,1277,6
中国肿瘤生物治疗杂志,肿瘤学,PKU Core,2023,1278,7
中华肿瘤防治杂志,肿瘤学,PKU Core,2023,1279,8
中华神经科杂志,神经病学与精神病学,PKU Core,2023,1280,1
中华精神科杂志,神经病学与精神病学,PKU Core,2023,1281,2
中国脑血管病杂志,神经病学与精神病学,PKU Core,2023,1282,3
中华行为医学与脑科学杂志,神经病学与精神病学,PKU Core,2023,1283,4
中华神经医学杂志,神经病学与精神病学,PKU Core,2023,1284,5
中国神经精神疾病杂志,神经病学与精神病学,PKU Core,2023,1285,6
中国卒中杂志,神经病学与精神病学,PKU Core,2023,1286,7
中国现代神经疾病杂志,神经病学与精神病学,PKU Core,2023,1287,8
中华老年心脑血管病杂志,神经病学与精神病学,PKU Core,2023,1288,9
中华皮肤科杂志,皮肤病学与性病学,PKU Core,2023,1289,1
中国皮肤性病学杂志,皮肤病学与性病学,PKU Core,2023,1290,2
临床皮肤科杂志,皮肤病学与性病学,PKU Core,2023,1291,3
中华耳鼻咽喉头颈外科杂志,耳鼻咽喉,PKU Core,2023,1292,1
中华耳科学杂志,耳鼻咽喉,PKU Core,2023,1293,2
临床耳鼻咽喉头颈外科杂志,耳鼻咽喉,PKU Core,2023,1294,3
听力学及言语疾病杂志,耳鼻咽喉,PKU Core,2023,1295,4
中华眼科杂志,眼科,PKU Core,2023,1296,1
中华实验眼科杂志,眼科,PKU Core,2023,1297,2
中华眼底病杂志,眼科,PKU Core,2023,1298,3
眼科新进展,眼科,PKU Core,2023,1299,4
中华眼视光学与视觉科学杂志,眼科,PKU Core,2023,1300,5
中华口腔医学杂志,口腔,PKU Core,2023,1301,1
华西口腔医学杂志,口腔,PKU Core,2023,1302,2
实用口腔医学杂志,口腔,PKU Core,2023,1303,3
国际口腔医学杂志,口腔,PKU Core,2023,1304,4
口腔医学研究,口腔,PKU Core,2023,1305,5
中华放射学杂志,特种医学,PKU Core,2023,1306,1
介人放射学杂志,特种医学,PKU Core,2023,1307,2
中国运动医学杂志,特种医学,PKU Core,2023,1308,3
放射学实践,特种医学,PKU Core,2023,1309,4
临床放射学杂志,特种医学,PKU Core,2023,1310,5
中华放射医学与防护杂志,特种医学,PKU Core,2023,1311,6
中国介入影像与治疗学,特种医学,PKU Core,2023,1312,7
法医学杂志,特种医学,PKU Core,2023,1313,8
中华核医学与分子影像杂志,特种医学,PKU Core,2023,1314,9
中国临床医学影像杂志,特种医学,PKU Core,2023,1315,10
中国医学计算机成像杂志,特种医学,PKU Core,2023,1316,11
实用放射学杂志,特种医学,PKU Core,2023,1317,12
药学学报,药学,PKU Core,2023,1318,1
中国药理学通报,药学,PKU Core,2023,1319,2
药物分析杂志,药学,PKU Core,2023,1320,3
中国药学杂志,药学,PKU Core,2023,1321,4
中国新药杂志,药学,PKU Core,2023,1322,5
中国现代应用药学,药学,PKU Core,2023,1323,6
中国药房,药学,PKU Core,2023,1324,7
中国药理学与毒理学杂志,药学,PKU Core,2023,1325,8
中国临床药理学杂志,药学,PKU Core,2023,1326,9
中国抗生素杂志,药学,PKU Core,2023,1327,10
中国药科大学学报,药学,PKU Core,2023,1328,11
中国临床药理学与治疗学,药学,PKU Core,2023,1329,12
药物评价研究,药学,PKU Core,2023,1330,13
中国医院药学杂志,药学,PKU Core,2023,1331,14
华西药学杂志,药学,PKU Core,2023,1332,15
中国新药与临床杂志,药学,PKU Core,2023,1333,16
中国农业科学,综合农业科学,PKU Core,2023,1334,1
干旱地区农业研究,综合农业科学,PKU Core,2023,1335,2
华北农学报,综合农业科学,PKU Core,2023,1336,3
华南农业大学学报,综合农业科学,PKU Core,2023,1337,4
南京农业大学学报,综合农业科学,PKU Core,2023,1338,5
南方农业学报,综合农业科学,PKU Core,2023,1339,6
西北农业学报,综合农业科学,PKU Core,2023,1340,7
西北农林科技大学学报.自然科学版,综合农业科学,PKU Core,2023,1341,8
中国农业大学学报,综合农业科学,PKU Core,2023,1342,9
西南农业学报,综合农业科学,PKU Core,2023,1343,10
中国农业科技导报,综合农业科学,PKU Core,2023,1344,11
江苏农业学报,综合农业科学,PKU Core,2023,1345,12
农业生物技术学报,综合农业科学,PKU Core,2023,1346,13
浙江大学学报.农业与生命科学版,综合农业科学,PKU Core,2023,1347,14
东北农业大学学报,综合农业科学,PKU Core,2023,1348,15
江西农业大学学报,综合农业科学,PKU Core,2023,1349,16
沈阳农业大学学报,综合农业科学,PKU Core,2023,1350,17
河南农业科学,综合农业科学,PKU Core,2023,1351,18
浙江农业学报,综合农业科学,PKU Core,2023,1352,19
新疆农业科学,综合农业科学,PKU Core,2023,1353,20
华中农业大学学报,综合农业科学,PKU Core,2023,1354,21
湖南农业大学学报.自然科学版,综合农业科学,PKU Core,2023,1355,22
四川农业大学学报,综合农业科学,PKU Core,2023,1356,23
甘肃农业大学学报,综合农业科学,PKU Core,2023,1357,24
吉林农业大学学报,综合农业科学,PKU Core,2023,1358,25
河南农业大学学报,综合农业科学,PKU Core,2023,1359,26
云南农业大学学报.自然科学,综合农业科学,PKU Core,2023,1360,27
福建农林大学学报.自然科学版,综合农业科学,PKU Core,2023,1361,28
山东农业科学,综合农业科学,PKU Core,2023,1362,29
福建农业学报,综合农业科学,PKU Core,2023,1363,30
河北农业大学学报,综合农业科学,PKU Core,2023,1364,31
扬州大学学报.农业与生命科学版,综合农业科学,PKU Core,2023,1365,32
江苏农业科学,综合农业科学,PKU Core,2023,1366,33
土壤学报,农业基础科学,PKU Core,2023,1367,1
水土保持学报,农业基础科学,PKU Core,2023,1368,2
植物营养与肥料学报,农业基础科学,PKU Core,2023,1369,3
土壤,农业基础科学,PKU Core,2023,1370,4
中国生态农业学报(中英文),农业基础科学,PKU Core,2023,1371,5
土壤通报,农业基础科学,PKU Core,2023,1372,6
中国土壤与肥料,农业基础科学,PKU Core,2023,1373,7
中国水土保持科学(中英文),农业基础科学,PKU Core,2023,1374,8
水土保持研究,农业基础科学,PKU Core,2023,1375,9
水土保持通报,农业基础科学,PKU Core,2023,1376,10
农业机械学报,农业工程,PKU Core,2023,1377,1
农业工程学报,农业工程,PKU Core,2023,1378,2
农机化研究,农业工程,PKU Core,2023,1379,3
排灌机械工程学报,农业工程,PKU Core,2023,1380,4
节水灌溉,农业工程,PKU Core,2023,1381,5
中国农机化学报,农业工程,PKU Core,2023,1382,6
作物学报,农学，农作物,PKU Core,2023,1383,1
中国水稻科学,农学，农作物,PKU Core,2023,1384,2
麦类作物学报,农学，农作物,PKU Core,2023,1385,3
植物遗传资源学报,农学，农作物,PKU Core,2023,1386,4
中国油料作物学报,农学，农作物,PKU Core,2023,1387,5
玉米科学,农学，农作物,PKU Core,2023,1388,6
棉花学报,农学，农作物,PKU Core,2023,1389,7
作物杂志,农学，农作物,PKU Core,2023,1390,8
分子植物育种,农学，农作物,PKU Core,2023,1391,9
大豆科学,农学，农作物,PKU Core,2023,1392,10
中国稻米,农学，农作物,PKU Core,2023,1393,11
花生学报,农学，农作物,PKU Core,2023,1394,12
种子,农学，农作物,PKU Core,2023,1395,13
杂交水稻,农学，农作物,PKU Core,2023,1396,14
核农学报,农学，农作物,PKU Core,2023,1397,15
植物保护,植物保护,PKU Core,2023,1398,1
植物保护学报,植物保护,PKU Core,2023,1399,2
中国生物防治学报,植物保护,PKU Core,2023,1400,3
植物病理学报,植物保护,PKU Core,2023,1401,4
环境昆虫学报,植物保护,PKU Core,2023,1402,5
农药学学报,植物保护,PKU Core,2023,1403,6
生物安全学报,植物保护,PKU Core,2023,1404,7
中国植保导刊,植物保护,PKU Core,2023,1405,8
农药,植物保护,PKU Core,2023,1406,9
园艺学报,园艺,PKU Core,2023,1407,1
果树学报,园艺,PKU Core,2023,1408,2
北方园艺,园艺,PKU Core,2023,1409,3
食用菌学报,园艺,PKU Core,2023,1410,4
中国南方果树,园艺,PKU Core,2023,1411,5
中国蔬菜,园艺,PKU Core,2023,1412,6
中外葡萄与葡萄酒,园艺,PKU Core,2023,1413,7
中国瓜菜,园艺,PKU Core,2023,1414,8
热带作物学报,园艺,PKU Core,2023,1415,9
林业科学,林业,PKU Core,2023,1416,1
林业科学研究,林业,PKU Core,2023,1417,2
北京林业大学学报,林业,PKU Core,2023,1418,3
南京林业大学学报.自然科学版,林业,PKU Core,2023,1419,4
中南林业科技大学学报,林业,PKU Core,2023,1420,5
东北林业大学学报,林业,PKU Core,2023,1421,6
西北林学院学报,林业,PKU Core,2023,1422,7
森林与环境学报,林业,PKU Core,2023,1423,8
浙江农林大学学报,林业,PKU Core,2023,1424,9
世界林业研究,林业,PKU Core,2023,1425,10
经济林研究,林业,PKU Core,2023,1426,11
森林工程,林业,PKU Core,2023,1427,12
林业工程学报,林业,PKU Core,2023,1428,13
林业资源管理,林业,PKU Core,2023,1429,14
西南林业大学学报.自然科学,林业,PKU Core,2023,1430,15
中国森林病虫,林业,PKU Core,2023,1431,16
西部林业科学,林业,PKU Core,2023,1432,17
畜牧兽医学报,畜牧动物医学,PKU Core,2023,1433,1
动物营养学报,畜牧动物医学,PKU Core,2023,1434,2
中国畜牧兽医,畜牧动物医学,PKU Core,2023,1435,3
中国畜牧杂志,畜牧动物医学,PKU Core,2023,1436,4
中国兽医学报,畜牧动物医学,PKU Core,2023,1437,5
中国兽医科学,畜牧动物医学,PKU Core,2023,1438,6
中国预防兽医学报,畜牧动物医学,PKU Core,2023,1439,7
饲料工业,畜牧动物医学,PKU Core,2023,1440,8
中国家禽,畜牧动物医学,PKU Core,2023,1441,9
畜牧与兽医,畜牧动物医学,PKU Core,2023,1442,10
家畜生态学报,畜牧动物医学,PKU Core,2023,1443,11
中国饲料,畜牧动物医学,PKU Core,2023,1444,12
中国动物传染病学报,畜牧动物医学,PKU Core,2023,1445,13
动物医学进展,畜牧动物医学,PKU Core,2023,1446,14
饲料研究,畜牧动物医学,PKU Core,2023,1447,15
中国草食动物科学,畜牧动物医学,PKU Core,2023,1448,16
蚕业科学,畜牧动物医学,PKU Core,2023,1449,17
中国兽医杂志,畜牧动物医学,PKU Core,2023,1450,18
黑龙江畜牧兽医,畜牧动物医学,PKU Core,2023,1451,19
草业学报,草地学,PKU Core,2023,1452,1
中国草地学报,草地学,PKU Core,2023,1453,2
草业科学,草地学,PKU Core,2023,1454,3
草地学报,草地学,PKU Core,2023,1455,4
水产学报,水产渔业,PKU Core,2023,1456,1
中国水产科学,水产渔业,PKU Core,2023,1457,2
南方水产科学,水产渔业,PKU Core,2023,1458,3
渔业科学进展,水产渔业,PKU Core,2023,1459,4
海洋渔业,水产渔业,PKU Core,2023,1460,5
上海海洋大学学报,水产渔业,PKU Core,2023,1461,6
大连海洋大学学报,水产渔业,PKU Core,2023,1462,7
淡水渔业,水产渔业,PKU Core,2023,1463,8
水产科学,水产渔业,PKU Core,2023,1464,9
水生态学杂志,水产渔业,PKU Core,2023,1465,10
渔业现代化,水产渔业,PKU Core,2023,1466,11
广东海洋大学学报,水产渔业,PKU Core,2023,1467,12
图学学报,工业技术,PKU Core,2023,1468,1
低温与超导,工业技术,PKU Core,2023,1469,2
复合材料学报,工程材料,PKU Core,2023,1470,1
材料工程,工程材料,PKU Core,2023,1471,2
材料导报,工程材料,PKU Core,2023,1472,3
无机材料学报,工程材料,PKU Core,2023,1473,4
复合材料科学与工程,工程材料,PKU Core,2023,1474,5
功能材料,工程材料,PKU Core,2023,1475,6
宇航材料工艺,工程材料,PKU Core,2023,1476,7
材料研究学报,工程材料,PKU Core,2023,1477,8
材料科学与工程学报,工程材料,PKU Core,2023,1478,9
包装工程,通用技术与设备,PKU Core,2023,1479,1
声学技术,声学工程,PKU Core,2023,1480,1
应用声学,声学工程,PKU Core,2023,1481,2
噪声与振动控制,声学工程,PKU Core,2023,1482,3
制冷学报,制冷工程,PKU Core,2023,1483,1
低温工程,制冷工程,PKU Core,2023,1484,2
真空科学与技术学报,真空技术,PKU Core,2023,1485,1
计量学报,计量学,PKU Core,2023,1486,1
中国测试,计量学,PKU Core,2023,1487,2
采矿与安全工程学报,矿业工程,PKU Core,2023,1488,1
中国矿业大学学报,矿业工程,PKU Core,2023,1489,2
爆破,矿业工程,PKU Core,2023,1490,3
金属矿山,矿业工程,PKU Core,2023,1491,4
矿业安全与环保,矿业工程,PKU Core,2023,1492,5
中国矿业,矿业工程,PKU Core,2023,1493,6
工程爆破,矿业工程,PKU Core,2023,1494,7
矿业科学学报,矿业工程,PKU Core,2023,1495,8
黄金科学技术,矿业工程,PKU Core,2023,1496,9
矿业研究与开发,矿业工程,PKU Core,2023,1497,10
矿冶工程,矿业工程,PKU Core,2023,1498,11
煤炭学报,煤矿,PKU Core,2023,1499,1
煤炭科学技术,煤矿,PKU Core,2023,1500,2
采矿与岩层控制工程学报,煤矿,PKU Core,2023,1501,3
煤田地质与勘探,煤矿,PKU Core,2023,1502,4
工矿自动化,煤矿,PKU Core,2023,1503,5
煤矿安全,煤矿,PKU Core,2023,1504,6
煤炭工程,煤矿,PKU Core,2023,1505,7
中国煤炭,煤矿,PKU Core,2023,1506,8
石油勘探与开发,石油天然气,PKU Core,2023,1507,1
石油学报,石油天然气,PKU Core,2023,1508,2
石油与天然气地质,石油天然气,PKU Core,2023,1509,3
天然气工业,石油天然气,PKU Core,2023,1510,4
中国石油勘探,石油天然气,PKU Core,2023,1511,5
油气地质与采收率,石油天然气,PKU Core,2023,1512,6
石油实验地质,石油天然气,PKU Core,2023,1513,7
特种油气藏,石油天然气,PKU Core,2023,1514,8
天然气地球科学,石油天然气,PKU Core,2023,1515,9
断块油气田,石油天然气,PKU Core,2023,1516,10
新疆石油地质,石油天然气,PKU Core,2023,1517,11
中国石油大学学报.自然科学版,石油天然气,PKU Core,2023,1518,12
石油钻探技术,石油天然气,PKU Core,2023,1519,13
大庆石油地质与开发,石油天然气,PKU Core,2023,1520,14
岩性油气藏,石油天然气,PKU Core,2023,1521,15
西南石油大学学报.自然科学版,石油天然气,PKU Core,2023,1522,16
石油钻采工艺,石油天然气,PKU Core,2023,1523,17
油气藏评价与开发,石油天然气,PKU Core,2023,1524,18
中国海上油气,石油天然气,PKU Core,2023,1525,19
油田化学,石油天然气,PKU Core,2023,1526,20
海相油气地质,石油天然气,PKU Core,2023,1527,21
钻井液与完井液,石油天然气,PKU Core,2023,1528,22
西安石油大学学报.自然科学版,石油天然气,PKU Core,2023,1529,23
成都理工大学学报.自然科学版,石油天然气,PKU Core,2023,1530,24
石油机械,石油天然气,PKU Core,2023,1531,25
东北石油大学学报,石油天然气,PKU Core,2023,1532,26
油气储运,石油天然气,PKU Core,2023,1533,27
钻采工艺,石油天然气,PKU Core,2023,1534,28
石油地球物理勘探,石油天然气,PKU Core,2023,1535,29
石油学报.石油加工,石油天然气,PKU Core,2023,1536,30
石油与天然气化工,石油天然气,PKU Core,2023,1537,31
石油物探,石油天然气,PKU Core,2023,1538,32
石油炼制与化工,石油天然气,PKU Core,2023,1539,33
中国冶金,冶金工业,PKU Core,2023,1540,1
钢铁,冶金工业,PKU Core,2023,1541,2
钢铁研究学报,冶金工业,PKU Core,2023,1542,3
炼钢,冶金工业,PKU Core,2023,1543,4
烧结球团,冶金工业,PKU Core,2023,1544,5
稀有金属,冶金工业,PKU Core,2023,1545,6
有色金属.冶炼部分,冶金工业,PKU Core,2023,1546,7
中国稀土学报,冶金工业,PKU Core,2023,1547,8
稀土,冶金工业,PKU Core,2023,1548,9
粉末冶金工业,冶金工业,PKU Core,2023,1549,10
湿法冶金,冶金工业,PKU Core,2023,1550,11
有色金属科学与工程,冶金工业,PKU Core,2023,1551,12
稀有金属与硬质合金,冶金工业,PKU Core,2023,1552,13
钢铁钒钛,冶金工业,PKU Core,2023,1553,14
粉末冶金技术,冶金工业,PKU Core,2023,1554,15
冶金分析,冶金工业,PKU Core,2023,1555,16
连铸,冶金工业,PKU Core,2023,1556,17
材料与冶金学报,冶金工业,PKU Core,2023,1557,18
贵金属,冶金工业,PKU Core,2023,1558,19
冶金能源,冶金工业,PKU Core,2023,1559,20
中国有色冶金,冶金工业,PKU Core,2023,1560,21
炼铁,冶金工业,PKU Core,2023,1561,22
有色金属工程,冶金工业,PKU Core,2023,1562,23
金属学报,金属与热处理焊接、金属切割金属粘接,PKU Core,2023,1563,1
稀有金属材料与工程,金属与热处理焊接、金属切割金属粘接,PKU Core,2023,1564,2
塑性工程学报,金属与热处理焊接、金属切割金属粘接,PKU Core,2023,1565,3
中国有色金属学报,金属与热处理焊接、金属切割金属粘接,PKU Core,2023,1566,4
表面技术,金属与热处理焊接、金属切割金属粘接,PKU Core,2023,1567,5
材料热处理学报,金属与热处理焊接、金属切割金属粘接,PKU Core,2023,1568,6
焊接学报,金属与热处理焊接、金属切割金属粘接,PKU Core,2023,1569,7
航空材料学报,金属与热处理焊接、金属切割金属粘接,PKU Core,2023,1570,8
中国表面工程,金属与热处理焊接、金属切割金属粘接,PKU Core,2023,1571,9
热加工工艺,金属与热处理焊接、金属切割金属粘接,PKU Core,2023,1572,10
金属热处理,金属与热处理焊接、金属切割金属粘接,PKU Core,2023,1573,11
中国腐蚀与防护学报,金属与热处理焊接、金属切割金属粘接,PKU Core,2023,1574,12
锻压技术,金属与热处理焊接、金属切割金属粘接,PKU Core,2023,1575,13
中国材料进展,金属与热处理焊接、金属切割金属粘接,PKU Core,2023,1576,14
机械工程材料,金属与热处理焊接、金属切割金属粘接,PKU Core,2023,1577,15
腐蚀与防护,金属与热处理焊接、金属切割金属粘接,PKU Core,2023,1578,16
精密成形工程,金属与热处理焊接、金属切割金属粘接,PKU Core,2023,1579,17
材料科学与工艺,金属与热处理焊接、金属切割金属粘接,PKU Core,2023,1580,18
轧钢,金属与热处理焊接、金属切割金属粘接,PKU Core,2023,1581,19
特种铸造及有色合金,金属与热处理焊接、金属切割金属粘接,PKU Core,2023,1582,20
兵器材料科学与工程,金属与热处理焊接、金属切割金属粘接,PKU Core,2023,1583,21
金刚石与磨料磨具工程,金属切削工艺、钳工装配工艺,PKU Core,2023,1584,1
工具技术,金属切削工艺、钳工装配工艺,PKU Core,2023,1585,2
电加工与模具,金属切削工艺、钳工装配工艺,PKU Core,2023,1586,3
机械工程学报,机械、仪表,PKU Core,2023,1587,1
摩擦学学报,机械、仪表,PKU Core,2023,1588,2
仪器仪表学报,机械、仪表,PKU Core,2023,1589,3
中国机械工程,机械、仪表,PKU Core,2023,1590,4
振动、测试与诊断,机械、仪表,PKU Core,2023,1591,5
光学精密工程,机械、仪表,PKU Core,2023,1592,6
流体机械,机械、仪表,PKU Core,2023,1593,7
电子测量与仪器学报,机械、仪表,PKU Core,2023,1594,8
压力容器,机械、仪表,PKU Core,2023,1595,9
润滑与密封,机械、仪表,PKU Core,2023,1596,10
机械传动,机械、仪表,PKU Core,2023,1597,11
机电工程,机械、仪表,PKU Core,2023,1598,12
机械科学与技术(西安),机械、仪表,PKU Core,2023,1599,13
轴承,机械、仪表,PKU Core,2023,1600,14
机械设计与研究,机械、仪表,PKU Core,2023,1601,15
机械强度,机械、仪表,PKU Core,2023,1602,16
机械设计,机械、仪表,PKU Core,2023,1603,17
液压与气动,机械、仪表,PKU Core,2023,1604,18
机械设计与制造,机械、仪表,PKU Core,2023,1605,19
工程设计学报,机械、仪表,PKU Core,2023,1606,20
机床与液压,机械、仪表,PKU Core,2023,1607,21
组合机床与自动化加工技术,机械、仪表,PKU Core,2023,1608,22
包装与食品机械,机械、仪表,PKU Core,2023,1609,23
现代制造工程,机械、仪表,PKU Core,2023,1610,24
中国工程机械学报,机械、仪表,PKU Core,2023,1611,25
光学技术,机械、仪表,PKU Core,2023,1612,26
化工设备与管道,机械、仪表,PKU Core,2023,1613,27
仪表技术与传感器,机械、仪表,PKU Core,2023,1614,28
制造技术与机床,机械、仪表,PKU Core,2023,1615,29
兵工学报,武器工业,PKU Core,2023,1616,1
含能材料,武器工业,PKU Core,2023,1617,2
火炸药学报,武器工业,PKU Core,2023,1618,3
弹道学报,武器工业,PKU Core,2023,1619,4
航空兵器,武器工业,PKU Core,2023,1620,5
兵器装备工程学报,武器工业,PKU Core,2023,1621,6
火工品,武器工业,PKU Core,2023,1622,7
火炮发射与控制学报,武器工业,PKU Core,2023,1623,8
弹箭与制导学报,武器工业,PKU Core,2023,1624,9
战术导弹技术,武器工业,PKU Core,2023,1625,10
火力与指挥控制,武器工业,PKU Core,2023,1626,11
爆破器材,武器工业,PKU Core,2023,1627,12
空天技术(曾用名：飞航导弹),武器工业,PKU Core,2023,1628,13
探测与控制学报,武器工业,PKU Core,2023,1629,14
指挥与控制学报,武器工业,PKU Core,2023,1630,15
兵工自动化,武器工业,PKU Core,2023,1631,16
现代防御技术,武器工业,PKU Core,2023,1632,17
电光与控制,武器工业,PKU Core,2023,1633,18
内燃机学报,能源与动力工程,PKU Core,2023,1634,1
工程热物理学报,能源与动力工程,PKU Core,2023,1635,2
动力工程学报,能源与动力工程,PKU Core,2023,1636,3
燃烧科学与技术,能源与动力工程,PKU Core,2023,1637,4
热力发电,能源与动力工程,PKU Core,2023,1638,5
内燃机工程,能源与动力工程,PKU Core,2023,1639,6
太阳能学报,能源与动力工程,PKU Core,2023,1640,7
热能动力工程,能源与动力工程,PKU Core,2023,1641,8
可再生能源,能源与动力工程,PKU Core,2023,1642,9
热科学与技术,能源与动力工程,PKU Core,2023,1643,10
锅炉技术,能源与动力工程,PKU Core,2023,1644,11
车用发动机,能源与动力工程,PKU Core,2023,1645,12
汽轮机技术,能源与动力工程,PKU Core,2023,1646,13
新能源进展,能源与动力工程,PKU Core,2023,1647,14
核技术,原子能,PKU Core,2023,1648,1
原子能科学技术,原子能,PKU Core,2023,1649,2
核动力工程,原子能,PKU Core,2023,1650,3
核科学与工程,原子能,PKU Core,2023,1651,4
核化学与放射化学,原子能,PKU Core,2023,1652,5
辐射防护,原子能,PKU Core,2023,1653,6
核聚变与等离子体物理,原子能,PKU Core,2023,1654,7
核电子学与探测技术,原子能,PKU Core,2023,1655,8
中国电机工程学报,电工技术,PKU Core,2023,1656,1
电力系统自动化,电工技术,PKU Core,2023,1657,2
电网技术,电工技术,PKU Core,2023,1658,3
电工技术学报,电工技术,PKU Core,2023,1659,4
高电压技术,电工技术,PKU Core,2023,1660,5
电力系统保护与控制,电工技术,PKU Core,2023,1661,6
电力自动化设备,电工技术,PKU Core,2023,1662,7
电机与控制学报,电工技术,PKU Core,2023,1663,8
南方电网技术,电工技术,PKU Core,2023,1664,9
电力建设,电工技术,PKU Core,2023,1665,10
电力系统及其自动化学报,电工技术,PKU Core,2023,1666,11
电工电能新技术,电工技术,PKU Core,2023,1667,12
中国电力,电工技术,PKU Core,2023,1668,13
电力科学与技术学报,电工技术,PKU Core,2023,1669,14
智慧电力,电工技术,PKU Core,2023,1670,15
高压电器,电工技术,PKU Core,2023,1671,16
电力工程技术,电工技术,PKU Core,2023,1672,17
储能科学与技术,电工技术,PKU Core,2023,1673,18
电网与清洁能源,电工技术,PKU Core,2023,1674,19
电测与仪表,电工技术,PKU Core,2023,1675,20
广东电力,电工技术,PKU Core,2023,1676,21
现代电力,电工技术,PKU Core,2023,1677,22
供用电,电工技术,PKU Core,2023,1678,23
华北电力大学学报.自然科学版,电工技术,PKU Core,2023,1679,24
电源学报,电工技术,PKU Core,2023,1680,25
电气工程学报,电工技术,PKU Core,2023,1681,26
电源技术,电工技术,PKU Core,2023,1682,27
绝缘材料,电工技术,PKU Core,2023,1683,28
全球能源互联网,电工技术,PKU Core,2023,1684,29
电池,电工技术,PKU Core,2023,1685,30
电化学(中英文)(曾用名：电化学),电工技术,PKU Core,2023,1686,31
雷达学报,电子技术、通信技术,PKU Core,2023,1687,1
电子与信息学报,电子技术、通信技术,PKU Core,2023,1688,2
电子学报,电子技术、通信技术,PKU Core,2023,1689,3
红外与激光工程,电子技术、通信技术,PKU Core,2023,1690,4
激光与光电子学进展,电子技术、通信技术,PKU Core,2023,1691,5
系统工程与电子技术,电子技术、通信技术,PKU Core,2023,1692,6
通信学报,电子技术、通信技术,PKU Core,2023,1693,7
信号处理,电子技术、通信技术,PKU Core,2023,1694,8
激光与红外,电子技术、通信技术,PKU Core,2023,1695,9
西安电子科技大学学报,电子技术、通信技术,PKU Core,2023,1696,10
中国科学.信息科学,电子技术、通信技术,PKU Core,2023,1697,11
红外与毫米波学报,电子技术、通信技术,PKU Core,2023,1698,12
微波学报,电子技术、通信技术,PKU Core,2023,1699,13
激光技术,电子技术、通信技术,PKU Core,2023,1700,14
光电工程,电子技术、通信技术,PKU Core,2023,1701,15
电波科学学报,电子技术、通信技术,PKU Core,2023,1702,16
现代雷达,电子技术、通信技术,PKU Core,2023,1703,17
红外技术,电子技术、通信技术,PKU Core,2023,1704,18
应用光学,电子技术、通信技术,PKU Core,2023,1705,19
重庆邮电大学学报.自然科学版,电子技术、通信技术,PKU Core,2023,1706,20
液晶与显示,电子技术、通信技术,PKU Core,2023,1707,21
北京邮电大学学报,电子技术、通信技术,PKU Core,2023,1708,22
雷达科学与技术,电子技术、通信技术,PKU Core,2023,1709,23
数据采集与处理,电子技术、通信技术,PKU Core,2023,1710,24
电子科技大学学报,电子技术、通信技术,PKU Core,2023,1711,25
电讯技术,电子技术、通信技术,PKU Core,2023,1712,26
光电子·激光,电子技术、通信技术,PKU Core,2023,1713,27
半导体光电,电子技术、通信技术,PKU Core,2023,1714,28
应用激光,电子技术、通信技术,PKU Core,2023,1715,29
电信科学,电子技术、通信技术,PKU Core,2023,1716,30
光通信研究,电子技术、通信技术,PKU Core,2023,1717,31
半导体技术,电子技术、通信技术,PKU Core,2023,1718,32
南京邮电大学学报.自然科学版,电子技术、通信技术,PKU Core,2023,1719,33
现代电子技术,电子技术、通信技术,PKU Core,2023,1720,34
激光杂志,电子技术、通信技术,PKU Core,2023,1721,35
微电子学,电子技术、通信技术,PKU Core,2023,1722,36
电子测量技术,电子技术、通信技术,PKU Core,2023,1723,37
光通信技术,电子技术、通信技术,PKU Core,2023,1724,38
电子元件与材料,电子技术、通信技术,PKU Core,2023,1725,39
无线电通信技术,电子技术、通信技术,PKU Core,2023,1726,40
压电与声光,电子技术、通信技术,PKU Core,2023,1727,41
密码学报,电子技术、通信技术,PKU Core,2023,1728,42
中兴通讯技术,电子技术、通信技术,PKU Core,2023,1729,43
电子显微学报,电子技术、通信技术,PKU Core,2023,1730,44
计算机学报,计算机技术与自动化,PKU Core,2023,1731,1
自动化学报,计算机技术与自动化,PKU Core,2023,1732,2
软件学报,计算机技术与自动化,PKU Core,2023,1733,3
计算机研究与发展,计算机技术与自动化,PKU Core,2023,1734,4
计算机工程与应用,计算机技术与自动化,PKU Core,2023,1735,5
计算机科学,计算机技术与自动化,PKU Core,2023,1736,6
控制与决策,计算机技术与自动化,PKU Core,2023,1737,7
中国图象图形学报,计算机技术与自动化,PKU Core,2023,1738,8
计算机应用,计算机技术与自动化,PKU Core,2023,1739,9
计算机应用研究,计算机技术与自动化,PKU Core,2023,1740,10
机器人,计算机技术与自动化,PKU Core,2023,1741,11
模式识别与人工智能,计算机技术与自动化,PKU Core,2023,1742,12
计算机工程,计算机技术与自动化,PKU Core,2023,1743,13
计算机集成制造系统,计算机技术与自动化,PKU Core,2023,1744,14
计算机辅助设计与图形学学报,计算机技术与自动化,PKU Core,2023,1745,15
控制理论与应用,计算机技术与自动化,PKU Core,2023,1746,16
中文信息学报,计算机技术与自动化,PKU Core,2023,1747,17
计算机科学与探索,计算机技术与自动化,PKU Core,2023,1748,18
智能系统学报,计算机技术与自动化,PKU Core,2023,1749,19
小型微型计算机系统,计算机技术与自动化,PKU Core,2023,1750,20
遥感技术与应用,计算机技术与自动化,PKU Core,2023,1751,21
计算机工程与设计,计算机技术与自动化,PKU Core,2023,1752,22
传感技术学报,计算机技术与自动化,PKU Core,2023,1753,23
系统仿真学报,计算机技术与自动化,PKU Core,2023,1754,24
计算机工程与科学,计算机技术与自动化,PKU Core,2023,1755,25
信息与控制,计算机技术与自动化,PKU Core,2023,1756,26
传感器与微系统,计算机技术与自动化,PKU Core,2023,1757,27
自然资源遥感,计算机技术与自动化,PKU Core,2023,1758,28
计算机应用与软件,计算机技术与自动化,PKU Core,2023,1759,29
控制工程,计算机技术与自动化,PKU Core,2023,1760,30
遥感信息,计算机技术与自动化,PKU Core,2023,1761,31
信息网络安全,网络安全保密,PKU Core,2023,1762,1
信息安全研究,网络安全保密,PKU Core,2023,1763,2
化工进展,化工,PKU Core,2023,1764,1
化工学报,化工,PKU Core,2023,1765,2
高分子学报,化工,PKU Core,2023,1766,3
高分子材料科学与工程,化工,PKU Core,2023,1767,4
膜科学与技术,化工,PKU Core,2023,1768,5
精细化工,化工,PKU Core,2023,1769,6
高校化学工程学报,化工,PKU Core,2023,1770,7
现代化工,化工,PKU Core,2023,1771,8
化工新型材料,化工,PKU Core,2023,1772,9
高分子通报,化工,PKU Core,2023,1773,10
应用化工,化工,PKU Core,2023,1774,11
过程工程学报,化工,PKU Core,2023,1775,12
化学工业与工程,化工,PKU Core,2023,1776,13
化学工程,化工,PKU Core,2023,1777,14
低碳化学与化工(曾用名：天然气化工.C1 化学与化工),化工,PKU Core,2023,1778,15
应用化学,化工,PKU Core,2023,1779,16
化学与生物工程,化工,PKU Core,2023,1780,17
硅酸盐学报,无机化工工业,PKU Core,2023,1781,1
无机盐工业,无机化工工业,PKU Core,2023,1782,2
硅酸盐通报,无机化工工业,PKU Core,2023,1783,3
电镀与涂饰,无机化工工业,PKU Core,2023,1784,4
电镀与精饰,无机化工工业,PKU Core,2023,1785,5
陶瓷学报,无机化工工业,PKU Core,2023,1786,6
耐火材料,无机化工工业,PKU Core,2023,1787,7
中国陶瓷,无机化工工业,PKU Core,2023,1788,8
炭素技术,无机化工工业,PKU Core,2023,1789,9
中国塑料,有机化工,PKU Core,2023,1790,1
塑料工业,有机化工,PKU Core,2023,1791,2
工程塑料应用,有机化工,PKU Core,2023,1792,3
塑料,有机化工,PKU Core,2023,1793,4
塑料科技,有机化工,PKU Core,2023,1794,5
石油化工,有机化工,PKU Core,2023,1795,6
现代塑料加工应用,有机化工,PKU Core,2023,1796,7
林产化学与工业,有机化工,PKU Core,2023,1797,8
合成树脂及塑料,有机化工,PKU Core,2023,1798,9
燃料化学学报(中英文)(曾用名：燃料化学学报),其他化工,PKU Core,2023,1799,1
煤炭转化,其他化工,PKU Core,2023,1800,2
新型炭材料(中英文)(曾用名：新型炭材料),其他化工,PKU Core,2023,1801,3
涂料工业,其他化工,PKU Core,2023,1802,4
洁净煤技术,其他化工,PKU Core,2023,1803,5
日用化学工业(中英文)(曾用名：日用化学工业),其他化工,PKU Core,2023,1804,6
轻工学报,轻工综合,PKU Core,2023,1805,1
陕西科技大学学报,轻工综合,PKU Core,2023,1806,2
纺织学报,纺织染整工业,PKU Core,2023,1807,1
丝绸,纺织染整工业,PKU Core,2023,1808,2
现代纺织技术,纺织染整工业,PKU Core,2023,1809,3
毛纺科技,纺织染整工业,PKU Core,2023,1810,4
东华大学学报·自然科学版,纺织染整工业,PKU Core,2023,1811,5
针织工业,纺织染整工业,PKU Core,2023,1812,6
印染,纺织染整工业,PKU Core,2023,1813,7
食品科学,食品工业,PKU Core,2023,1814,1
食品工业科技,食品工业,PKU Core,2023,1815,2
中国食品学报,食品工业,PKU Core,2023,1816,3
食品与发酵工业,食品工业,PKU Core,2023,1817,4
食品科学技术学报,食品工业,PKU Core,2023,1818,5
中国粮油学报,食品工业,PKU Core,2023,1819,6
现代食品科技,食品工业,PKU Core,2023,1820,7
肉类研究,食品工业,PKU Core,2023,1821,8
茶叶科学,食品工业,PKU Core,2023,1822,9
食品与机械,食品工业,PKU Core,2023,1823,10
中国酿造,食品工业,PKU Core,2023,1824,11
河南工业大学学报.自然科学版,食品工业,PKU Core,2023,1825,12
食品科技,食品工业,PKU Core,2023,1826,13
粮油食品科技(国家粮食和物资储备局科学研究院),食品工业,PKU Core,2023,1827,14
食品与生物技术学报,食品工业,PKU Core,2023,1828,15
中国调味品,食品工业,PKU Core,2023,1829,16
保鲜与加工,食品工业,PKU Core,2023,1830,17
中国乳品工业,食品工业,PKU Core,2023,1831,18
中国油脂,食品工业,PKU Core,2023,1832,19
粮食与油脂,食品工业,PKU Core,2023,1833,20
烟草科技,烟草,PKU Core,2023,1834,1
中国烟草学报,烟草,PKU Core,2023,1835,2
中国烟草科学,烟草,PKU Core,2023,1836,3
皮革科学与工程,皮革,PKU Core,2023,1837,1
木材科学与技术,木材加工家具,PKU Core,2023,1838,1
林产工业,木材加工家具,PKU Core,2023,1839,2
家具与室内装饰,木材加工家具,PKU Core,2023,1840,3
中国造纸学报,造纸,PKU Core,2023,1841,1
中国造纸,造纸,PKU Core,2023,1842,2
印刷与数字媒体技术研究(曾用名：数字印刷),印刷,PKU Core,2023,1843,1
美食研究,其他轻工,PKU Core,2023,1844,1
服装学报,其他轻工,PKU Core,2023,1845,2
岩石力学与工程学报,建筑,PKU Core,2023,1846,1
岩土力学,建筑,PKU Core,2023,1847,2
岩土工程学报,建筑,PKU Core,2023,1848,3
建筑结构学报,建筑,PKU Core,2023,1849,4
城市规划学刊,建筑,PKU Core,2023,1850,5
城市规划,建筑,PKU Core,2023,1851,6
土木工程学报,建筑,PKU Core,2023,1852,7
国际城市规划,建筑,PKU Core,2023,1853,8
规划师,建筑,PKU Core,2023,1854,9
中国园林,建筑,PKU Core,2023,1855,10
建筑材料学报,建筑,PKU Core,2023,1856,11
地震工程与工程振动,建筑,PKU Core,2023,1857,12
西部人居环境学刊,建筑,PKU Core,2023,1858,13
工程地质学报,建筑,PKU Core,2023,1859,14
现代城市研究,建筑,PKU Core,2023,1860,15
地下空间与工程学报,建筑,PKU Core,2023,1861,16
建筑学报,建筑,PKU Core,2023,1862,17
土木与环境工程学报(中英文),建筑,PKU Core,2023,1863,18
上海城市规划,建筑,PKU Core,2023,1864,19
南方建筑,建筑,PKU Core,2023,1865,20
风景园林,建筑,PKU Core,2023,1866,21
建筑钢结构进展,建筑,PKU Core,2023,1867,22
建筑科学,建筑,PKU Core,2023,1868,23
防灾减灾工程学报,建筑,PKU Core,2023,1869,24
建筑科学与工程学报,建筑,PKU Core,2023,1870,25
给水排水,建筑,PKU Core,2023,1871,26
世界地震工程,建筑,PKU Core,2023,1872,27
混凝土,建筑,PKU Core,2023,1873,28
中国给水排水,建筑,PKU Core,2023,1874,29
西安建筑科技大学学报.自然科学版,建筑,PKU Core,2023,1875,30
空间结构,建筑,PKU Core,2023,1876,31
工程抗震与加固改造,建筑,PKU Core,2023,1877,32
建筑结构,建筑,PKU Core,2023,1878,33
沈阳建筑大学学报.自然科学版,建筑,PKU Core,2023,1879,34
水利学报,水利,PKU Core,2023,1880,1
水科学进展,水利,PKU Core,2023,1881,2
水力发电学报,水利,PKU Core,2023,1882,3
水资源保护,水利,PKU Core,2023,1883,4
水利水电科技进展,水利,PKU Core,2023,1884,5
泥沙研究,水利,PKU Core,2023,1885,6
人民黄河,水利,PKU Core,2023,1886,7
南水北调与水利科技(中英文),水利,PKU Core,2023,1887,8
水利水电技术(中英文),水利,PKU Core,2023,1888,9
水利水运工程学报,水利,PKU Core,2023,1889,10
人民长江,水利,PKU Core,2023,1890,11
水资源与水工程学报,水利,PKU Core,2023,1891,12
长江科学院院报,水利,PKU Core,2023,1892,13
水电能源科学,水利,PKU Core,2023,1893,14
中国农村水利水电,水利,PKU Core,2023,1894,15
中国水利水电科学研究院学报(中英文)(曾用名：中国水利水电科学研究院学报),水利,PKU Core,2023,1895,16
水动力学研究与进展.A辑,水利,PKU Core,2023,1896,17
水利经济,水利,PKU Core,2023,1897,18
交通运输工程学报,运输综合,PKU Core,2023,1898,1
交通运输系统工程与信息,运输综合,PKU Core,2023,1899,2
重庆交通大学学报.自然科学版,运输综合,PKU Core,2023,1900,3
交通信息与安全,运输综合,PKU Core,2023,1901,4
铁道学报,铁路,PKU Core,2023,1902,1
中国铁道科学,铁路,PKU Core,2023,1903,2
隧道建设(中英文),铁路,PKU Core,2023,1904,3
铁道工程学报,铁路,PKU Core,2023,1905,4
铁道科学与工程学报,铁路,PKU Core,2023,1906,5
铁道标准设计,铁路,PKU Core,2023,1907,6
铁道建筑,铁路,PKU Core,2023,1908,7
城市轨道交通研究,铁路,PKU Core,2023,1909,8
铁道运输与经济,铁路,PKU Core,2023,1910,9
都市快轨交通,铁路,PKU Core,2023,1911,10
中国铁路,铁路,PKU Core,2023,1912,11
铁道机车车辆,铁路,PKU Core,2023,1913,12
中国公路学报,公路,PKU Core,2023,1914,1
桥梁建设,公路,PKU Core,2023,1915,2
汽车工程,公路,PKU Core,2023,1916,3
公路交通科技,公路,PKU Core,2023,1917,4
长安大学学报.自然科学版,公路,PKU Core,2023,1918,5
世界桥梁,公路,PKU Core,2023,1919,6
现代隧道技术,公路,PKU Core,2023,1920,7
汽车技术,公路,PKU Core,2023,1921,8
公路,公路,PKU Core,2023,1922,9
汽车安全与节能学报,公路,PKU Core,2023,1923,10
中国造船,水路,PKU Core,2023,1924,1
船舶力学,水路,PKU Core,2023,1925,2
中国舰船研究,水路,PKU Core,2023,1926,3
大连海事大学学报,水路,PKU Core,2023,1927,4
中国航海,水路,PKU Core,2023,1928,5
上海海事大学学报,水路,PKU Core,2023,1929,6
船舶工程,水路,PKU Core,2023,1930,7
船海工程,水路,PKU Core,2023,1931,8
舰船科学技术,水路,PKU Core,2023,1932,9
航空学报,航空航天,PKU Core,2023,1933,1
宇航学报,航空航天,PKU Core,2023,1934,2
空气动力学学报,航空航天,PKU Core,2023,1935,3
航空动力学报,航空航天,PKU Core,2023,1936,4
推进技术,航空航天,PKU Core,2023,1937,5
深空探测学报(中英文),航空航天,PKU Core,2023,1938,6
北京航空航天大学学报,航空航天,PKU Core,2023,1939,7
中国空间科学技术,航空航天,PKU Core,2023,1940,8
航天器工程,航空航天,PKU Core,2023,1941,9
实验流体力学,航空航天,PKU Core,2023,1942,10
固体火箭技术,航空航天,PKU Core,2023,1943,11
南京航空航天大学学报,航空航天,PKU Core,2023,1944,12
飞行力学,航空航天,PKU Core,2023,1945,13
航天返回与遥感,航空航天,PKU Core,2023,1946,14
载人航天,航空航天,PKU Core,2023,1947,15
火箭推进,航空航天,PKU Core,2023,1948,16
航空发动机,航空航天,PKU Core,2023,1949,17
空间控制技术与应用,航空航天,PKU Core,2023,1950,18
中国惯性技术学报,航空航天,PKU Core,2023,1951,19
导弹与航天运载技术(中英文)(曾用名：导弹与航天运载技术),航空航天,PKU Core,2023,1952,20
航空制造技术,航空航天,PKU Core,2023,1953,21
空间科学学报,航空航天,PKU Core,2023,1954,22
环境科学,环境科学,PKU Core,2023,1955,1
中国环境科学,环境科学,PKU Core,2023,1956,2
环境科学学报,环境科学,PKU Core,2023,1957,3
环境科学研究,环境科学,PKU Core,2023,1958,4
中国人口·资源与环境,环境科学,PKU Core,2023,1959,5
农业环境科学学报,环境科学,PKU Core,2023,1960,6
自然资源学报,环境科学,PKU Core,2023,1961,7
生态环境学报,环境科学,PKU Core,2023,1962,8
环境化学,环境科学,PKU Core,2023,1963,9
环境工程学报,环境科学,PKU Core,2023,1964,10
资源科学,环境科学,PKU Core,2023,1965,11
生态与农村环境学报,环境科学,PKU Core,2023,1966,12
中国环境监测,环境科学,PKU Core,2023,1967,13
环境科学与技术,环境科学,PKU Core,2023,1968,14
长江流域资源与环境,环境科学,PKU Core,2023,1969,15
环境污染与防治,环境科学,PKU Core,2023,1970,16
农业资源与环境学报,环境科学,PKU Core,2023,1971,17
地球与环境,环境科学,PKU Core,2023,1972,18
生态毒理学报,环境科学,PKU Core,2023,1973,19
环境工程技术学报,环境科学,PKU Core,2023,1974,20
水处理技术,环境科学,PKU Core,2023,1975,21
环境监测管理与技术,环境科学,PKU Core,2023,1976,22
工业水处理,环境科学,PKU Core,2023,1977,23
化工环保,环境科学,PKU Core,2023,1978,24
海洋环境科学,环境科学,PKU Core,2023,1979,25
灾害学,环境科学,PKU Core,2023,1980,26
自然灾害学报,环境科学,PKU Core,2023,1981,27
中国安全科学学报,安全科学,PKU Core,2023,1982,1
中国安全生产科学技术,安全科学,PKU Core,2023,1983,2
安全与环境学报,安全科学,PKU Core,2023,1984,3
安全与环境工程,安全科学,PKU Core,2023,1985,4
火灾科学,安全科学,PKU Core,2023,1986,5
消防科学与技术,安全科学,PKU Core,2023,1987,6
